Testtype,Vinkel,Gjetetid,Suksessrate,Oppsamlingstid,Drivetid
cooperative_flock,10,15.65,100.0,0.45,15.24
cooperative_flock,10,15.43,100.0,0.23,15.2
cooperative_flock,10,15.31,100.0,0.21,15.1
cooperative_flock,10,15.5,100.0,0.19,15.31
cooperative_flock,10,15.39,100.0,0.19,15.2
cooperative_flock,10,15.27,100.0,0.18,15.09
cooperative_flock,10,15.51,100.0,0.21,15.3
cooperative_flock,10,15.5,100.0,0.19,15.31
cooperative_flock,10,15.41,100.0,0.21,15.2
cooperative_flock,10,15.38,100.0,0.18,15.2
cooperative_flock,10,15.47,100.0,0.18,15.29
cooperative_flock,10,15.38,100.0,0.19,15.2
cooperative_flock,10,15.48,100.0,0.18,15.3
cooperative_flock,10,15.37,100.0,0.17,15.2
cooperative_flock,10,15.46,100.0,0.18,15.29
cooperative_flock,10,15.28,100.0,0.18,15.1
cooperative_flock,10,15.18,100.0,0.18,15.0
cooperative_flock,10,15.08,100.0,0.18,14.9
cooperative_flock,10,15.48,100.0,0.19,15.29
cooperative_flock,10,15.3,100.0,0.2,15.1
cooperative_flock,10,15.38,100.0,0.17,15.21
cooperative_flock,10,15.38,100.0,0.18,15.2
cooperative_flock,10,15.32,100.0,0.22,15.1
cooperative_flock,10,15.38,100.0,0.18,15.2
cooperative_flock,10,15.38,100.0,0.18,15.2
cooperative_flock,10,15.1,100.0,0.19,14.91
cooperative_flock,10,15.31,100.0,0.21,15.1
cooperative_flock,10,15.44,100.0,0.23,15.2
cooperative_flock,10,15.32,100.0,0.22,15.1
cooperative_flock,10,15.4,100.0,0.18,15.21
cooperative_flock,10,15.49,100.0,0.19,15.3
cooperative_flock,10,15.45,100.0,0.25,15.2
cooperative_flock,10,15.44,100.0,0.24,15.2
cooperative_flock,10,15.55,100.0,0.25,15.3
cooperative_flock,10,15.49,100.0,0.18,15.3
cooperative_flock,10,15.4,100.0,0.2,15.2
cooperative_flock,10,15.5,100.0,0.2,15.3
cooperative_flock,10,15.6,100.0,0.19,15.41
cooperative_flock,10,15.43,100.0,0.23,15.2
cooperative_flock,10,15.2,100.0,0.2,15.0
cooperative_flock,10,15.31,100.0,0.21,15.1
cooperative_flock,10,15.4,100.0,0.2,15.21
cooperative_flock,10,15.38,100.0,0.18,15.2
cooperative_flock,10,15.3,100.0,0.19,15.11
cooperative_flock,10,15.57,100.0,0.19,15.38
cooperative_flock,10,15.18,100.0,0.18,14.99
cooperative_flock,10,15.5,100.0,0.19,15.31
cooperative_flock,10,15.38,100.0,0.18,15.2
cooperative_flock,10,15.4,100.0,0.19,15.21
cooperative_flock,10,15.5,100.0,0.19,15.31
cooperative_flock,10,15.4,100.0,0.2,15.2
cooperative_flock,10,15.37,100.0,0.19,15.19
cooperative_flock,10,15.6,100.0,0.3,15.31
cooperative_flock,10,15.5,100.0,0.2,15.3
cooperative_flock,10,15.4,100.0,0.2,15.2
cooperative_flock,10,15.21,100.0,0.22,15.0
cooperative_flock,10,15.4,100.0,0.19,15.21
cooperative_flock,10,15.4,100.0,0.19,15.21
cooperative_flock,10,15.5,100.0,0.2,15.3
cooperative_flock,10,15.51,100.0,0.21,15.3
cooperative_flock,10,15.5,100.0,0.2,15.34
cooperative_flock,10,15.4,100.0,0.2,15.2
cooperative_flock,10,15.6,100.0,0.2,15.4
cooperative_flock,10,15.5,100.0,0.2,15.3
cooperative_flock,10,15.4,100.0,0.2,15.2
cooperative_flock,10,15.5,100.0,0.2,15.3
cooperative_flock,10,15.49,100.0,0.19,15.3
cooperative_flock,10,15.3,100.0,0.2,15.1
cooperative_flock,10,15.5,100.0,0.19,15.31
cooperative_flock,10,15.5,100.0,0.2,15.31
cooperative_flock,10,15.49,100.0,0.19,15.3
cooperative_flock,10,15.3,100.0,0.19,15.11
cooperative_flock,10,15.32,100.0,0.22,15.1
cooperative_flock,10,15.4,100.0,0.19,15.2
cooperative_flock,10,15.4,100.0,0.19,15.21
cooperative_flock,10,15.4,100.0,0.2,15.2
cooperative_flock,10,15.38,100.0,0.18,15.2
cooperative_flock,10,15.5,100.0,0.2,15.3
cooperative_flock,10,15.41,100.0,0.21,15.2
cooperative_flock,10,15.38,100.0,0.18,15.2
cooperative_flock,10,15.49,100.0,0.19,15.3
cooperative_flock,10,15.1,100.0,0.19,14.91
cooperative_flock,10,15.4,100.0,0.2,15.2
cooperative_flock,10,15.2,100.0,0.2,15.0
cooperative_flock,10,15.49,100.0,0.19,15.3
cooperative_flock,10,15.38,100.0,0.18,15.2
cooperative_flock,10,15.1,100.0,0.19,14.91
cooperative_flock,10,15.3,100.0,0.2,15.1
cooperative_flock,10,15.39,100.0,0.18,15.21
cooperative_flock,10,15.4,100.0,0.2,15.2
cooperative_flock,10,15.2,100.0,0.19,15.01
cooperative_flock,10,15.3,100.0,0.19,15.11
cooperative_flock,10,15.5,100.0,0.21,15.29
cooperative_flock,10,15.3,100.0,0.19,15.11
cooperative_flock,10,15.4,100.0,0.2,15.21
cooperative_flock,10,15.3,100.0,0.21,15.09
cooperative_flock,10,15.53,100.0,0.23,15.3
cooperative_flock,10,15.4,100.0,0.2,15.2
cooperative_flock,10,15.2,100.0,0.2,15.0
cooperative_flock,10,15.6,100.0,0.19,15.42
cooperative_flock,15,15.29,100.0,0.18,15.11
cooperative_flock,15,15.55,100.0,0.25,15.3
cooperative_flock,15,15.52,100.0,0.23,15.29
cooperative_flock,15,15.3,100.0,0.19,15.11
cooperative_flock,15,15.6,100.0,0.19,15.41
cooperative_flock,15,15.3,100.0,0.19,15.11
cooperative_flock,15,15.49,100.0,0.19,15.3
cooperative_flock,15,15.42,100.0,0.22,15.2
cooperative_flock,15,15.18,100.0,0.18,15.0
cooperative_flock,15,15.58,100.0,0.28,15.3
cooperative_flock,15,15.3,100.0,0.19,15.11
cooperative_flock,15,15.5,100.0,0.19,15.31
cooperative_flock,15,15.4,100.0,0.19,15.21
cooperative_flock,15,15.35,100.0,0.25,15.1
cooperative_flock,15,15.4,100.0,0.19,15.21
cooperative_flock,15,15.3,100.0,0.21,15.1
cooperative_flock,15,15.39,100.0,0.19,15.2
cooperative_flock,15,15.49,100.0,0.19,15.3
cooperative_flock,15,15.4,100.0,0.19,15.21
cooperative_flock,15,15.2,100.0,0.19,15.01
cooperative_flock,15,15.4,100.0,0.19,15.21
cooperative_flock,15,15.4,100.0,0.2,15.2
cooperative_flock,15,15.25,100.0,0.26,14.99
cooperative_flock,15,15.4,100.0,0.19,15.21
cooperative_flock,15,15.5,100.0,0.2,15.3
cooperative_flock,15,15.4,100.0,0.2,15.2
cooperative_flock,15,15.3,100.0,0.2,15.1
cooperative_flock,15,15.4,100.0,0.2,15.21
cooperative_flock,15,15.5,100.0,0.19,15.31
cooperative_flock,15,15.41,100.0,0.22,15.2
cooperative_flock,15,15.27,100.0,0.19,15.09
cooperative_flock,15,15.5,100.0,0.2,15.3
cooperative_flock,15,15.5,100.0,0.2,15.3
cooperative_flock,15,15.4,100.0,0.19,15.21
cooperative_flock,15,15.5,100.0,0.2,15.3
cooperative_flock,15,15.3,100.0,0.2,15.1
cooperative_flock,15,15.4,100.0,0.19,15.22
cooperative_flock,15,15.4,100.0,0.2,15.2
cooperative_flock,15,15.5,100.0,0.19,15.31
cooperative_flock,15,15.4,100.0,0.2,15.2
cooperative_flock,15,15.29,100.0,0.18,15.11
cooperative_flock,15,15.39,100.0,0.19,15.2
cooperative_flock,15,15.28,100.0,0.18,15.1
cooperative_flock,15,15.0,100.0,0.2,14.8
cooperative_flock,15,15.4,100.0,0.2,15.2
cooperative_flock,15,15.3,100.0,0.2,15.1
cooperative_flock,15,15.59,100.0,0.19,15.41
cooperative_flock,15,15.5,100.0,0.2,15.3
cooperative_flock,15,15.3,100.0,0.19,15.11
cooperative_flock,15,15.4,100.0,0.2,15.21
cooperative_flock,15,15.3,100.0,0.2,15.11
cooperative_flock,15,15.5,100.0,0.2,15.31
cooperative_flock,15,15.5,100.0,0.19,15.31
cooperative_flock,15,15.39,100.0,0.2,15.2
cooperative_flock,15,15.08,100.0,0.18,14.9
cooperative_flock,15,15.3,100.0,0.2,15.1
cooperative_flock,15,15.4,100.0,0.2,15.2
cooperative_flock,15,15.2,100.0,0.19,15.01
cooperative_flock,15,15.5,100.0,0.2,15.31
cooperative_flock,15,15.63,100.0,0.23,15.4
cooperative_flock,15,15.29,100.0,0.2,15.1
cooperative_flock,15,15.3,100.0,0.19,15.12
cooperative_flock,15,15.5,100.0,0.19,15.31
cooperative_flock,15,15.6,100.0,0.19,15.41
cooperative_flock,15,15.5,100.0,0.2,15.3
cooperative_flock,15,15.4,100.0,0.19,15.21
cooperative_flock,15,15.4,100.0,0.2,15.2
cooperative_flock,15,15.3,100.0,0.19,15.11
cooperative_flock,15,15.39,100.0,0.19,15.2
cooperative_flock,15,15.5,100.0,0.2,15.3
cooperative_flock,15,15.3,100.0,0.19,15.11
cooperative_flock,15,15.5,100.0,0.2,15.3
cooperative_flock,15,15.2,100.0,0.2,15.0
cooperative_flock,15,15.47,100.0,0.19,15.29
cooperative_flock,15,15.4,100.0,0.2,15.21
cooperative_flock,15,15.4,100.0,0.2,15.21
cooperative_flock,15,15.3,100.0,0.2,15.11
cooperative_flock,15,15.4,100.0,0.2,15.21
cooperative_flock,15,15.6,100.0,0.2,15.4
cooperative_flock,15,15.3,100.0,0.19,15.11
cooperative_flock,15,15.6,100.0,0.2,15.44
cooperative_flock,15,15.33,100.0,0.34,14.99
cooperative_flock,15,15.4,100.0,0.2,15.2
cooperative_flock,15,15.4,100.0,0.2,15.2
cooperative_flock,15,15.4,100.0,0.2,15.2
cooperative_flock,15,15.5,100.0,0.2,15.3
cooperative_flock,15,15.28,100.0,0.18,15.1
cooperative_flock,15,15.2,100.0,0.2,15.0
cooperative_flock,15,15.3,100.0,0.19,15.11
cooperative_flock,15,15.4,100.0,0.2,15.2
cooperative_flock,15,15.5,100.0,0.2,15.3
cooperative_flock,15,15.5,100.0,0.2,15.3
cooperative_flock,15,15.3,100.0,0.19,15.11
cooperative_flock,15,15.3,100.0,0.2,15.11
cooperative_flock,15,15.4,100.0,0.19,15.21
cooperative_flock,15,15.3,100.0,0.2,15.11
cooperative_flock,15,15.3,100.0,0.2,15.1
cooperative_flock,15,15.4,100.0,0.2,15.2
cooperative_flock,15,15.4,100.0,0.2,15.2
cooperative_flock,15,15.3,100.0,0.2,15.1
cooperative_flock,20,15.6,100.0,0.2,15.43
cooperative_flock,20,15.5,100.0,0.2,15.3
cooperative_flock,20,15.3,100.0,0.19,15.11
cooperative_flock,20,15.3,100.0,0.19,15.11
cooperative_flock,20,15.18,100.0,0.18,15.0
cooperative_flock,20,15.48,100.0,0.18,15.3
cooperative_flock,20,15.5,100.0,0.19,15.31
cooperative_flock,20,15.21,100.0,0.21,15.0
cooperative_flock,20,15.47,100.0,0.18,15.29
cooperative_flock,20,15.3,100.0,0.2,15.1
cooperative_flock,20,15.41,100.0,0.21,15.2
cooperative_flock,20,15.4,100.0,0.2,15.2
cooperative_flock,20,15.09,100.0,0.2,14.9
cooperative_flock,20,15.58,100.0,0.18,15.4
cooperative_flock,20,15.5,100.0,0.2,15.3
cooperative_flock,20,15.48,100.0,0.18,15.3
cooperative_flock,20,15.3,100.0,0.2,15.11
cooperative_flock,20,15.5,100.0,0.2,15.3
cooperative_flock,20,15.5,100.0,0.2,15.31
cooperative_flock,20,15.5,100.0,0.2,15.3
cooperative_flock,20,15.47,100.0,0.17,15.3
cooperative_flock,20,15.4,100.0,0.19,15.21
cooperative_flock,20,15.4,100.0,0.2,15.2
cooperative_flock,20,15.6,100.0,0.2,15.4
cooperative_flock,20,15.09,100.0,0.19,14.91
cooperative_flock,20,15.39,100.0,0.19,15.21
cooperative_flock,20,15.5,100.0,0.19,15.31
cooperative_flock,20,15.48,100.0,0.18,15.3
cooperative_flock,20,15.43,100.0,0.23,15.2
cooperative_flock,20,15.49,100.0,0.19,15.31
cooperative_flock,20,15.5,100.0,0.2,15.3
cooperative_flock,20,15.4,100.0,0.19,15.21
cooperative_flock,20,15.39,100.0,0.19,15.2
cooperative_flock,20,15.4,100.0,0.2,15.2
cooperative_flock,20,15.5,100.0,0.19,15.31
cooperative_flock,20,15.4,100.0,0.19,15.21
cooperative_flock,20,15.4,100.0,0.2,15.2
cooperative_flock,20,15.3,100.0,0.19,15.11
cooperative_flock,20,15.6,100.0,0.2,15.4
cooperative_flock,20,15.4,100.0,0.2,15.2
cooperative_flock,20,15.6,100.0,0.2,15.44
cooperative_flock,20,15.46,100.0,0.27,15.2
cooperative_flock,20,15.5,100.0,0.2,15.3
cooperative_flock,20,15.4,100.0,0.2,15.2
cooperative_flock,20,15.5,100.0,0.2,15.3
cooperative_flock,20,15.5,100.0,0.2,15.3
cooperative_flock,20,15.19,100.0,0.19,15.01
cooperative_flock,20,15.3,100.0,0.2,15.11
cooperative_flock,20,15.5,100.0,0.19,15.31
cooperative_flock,20,15.5,100.0,0.19,15.31
cooperative_flock,20,15.6,100.0,0.19,15.41
cooperative_flock,20,15.49,100.0,0.19,15.3
cooperative_flock,20,15.29,100.0,0.19,15.1
cooperative_flock,20,15.48,100.0,0.18,15.3
cooperative_flock,20,15.4,100.0,0.19,15.21
cooperative_flock,20,15.27,100.0,0.17,15.1
cooperative_flock,20,15.5,100.0,0.2,15.3
cooperative_flock,20,15.6,100.0,0.2,15.4
cooperative_flock,20,15.59,100.0,0.19,15.4
cooperative_flock,20,15.43,100.0,0.23,15.2
cooperative_flock,20,15.51,100.0,0.2,15.35
cooperative_flock,20,15.58,100.0,0.19,15.4
cooperative_flock,20,15.58,100.0,0.19,15.39
cooperative_flock,20,15.4,100.0,0.2,15.21
cooperative_flock,20,15.5,100.0,0.2,15.31
cooperative_flock,20,15.4,100.0,0.2,15.2
cooperative_flock,20,15.5,100.0,0.2,15.3
cooperative_flock,20,15.4,100.0,0.21,15.2
cooperative_flock,20,15.44,100.0,0.24,15.2
cooperative_flock,20,15.1,100.0,0.19,14.91
cooperative_flock,20,15.2,100.0,0.19,15.01
cooperative_flock,20,15.4,100.0,0.19,15.21
cooperative_flock,20,15.3,100.0,0.2,15.1
cooperative_flock,20,15.5,100.0,0.2,15.3
cooperative_flock,20,15.3,100.0,0.2,15.11
cooperative_flock,20,15.28,100.0,0.18,15.1
cooperative_flock,20,15.38,100.0,0.19,15.2
cooperative_flock,20,15.38,100.0,0.18,15.2
cooperative_flock,20,15.5,100.0,0.19,15.31
cooperative_flock,20,15.2,100.0,0.19,15.01
cooperative_flock,20,15.39,100.0,0.2,15.2
cooperative_flock,20,15.2,100.0,0.2,15.01
cooperative_flock,20,15.3,100.0,0.2,15.11
cooperative_flock,20,15.38,100.0,0.18,15.2
cooperative_flock,20,15.49,100.0,0.19,15.3
cooperative_flock,20,15.5,100.0,0.2,15.3
cooperative_flock,20,15.3,100.0,0.19,15.11
cooperative_flock,20,15.2,100.0,0.19,15.01
cooperative_flock,20,15.49,100.0,0.19,15.3
cooperative_flock,20,15.4,100.0,0.19,15.21
cooperative_flock,20,15.4,100.0,0.19,15.21
cooperative_flock,20,15.3,100.0,0.2,15.1
cooperative_flock,20,15.48,100.0,0.18,15.3
cooperative_flock,20,15.1,100.0,0.2,14.9
cooperative_flock,20,15.5,100.0,0.2,15.3
cooperative_flock,20,15.2,100.0,0.19,15.01
cooperative_flock,20,15.4,100.0,0.19,15.21
cooperative_flock,20,15.5,100.0,0.19,15.31
cooperative_flock,20,15.3,100.0,0.2,15.11
cooperative_flock,20,15.48,100.0,0.18,15.3
cooperative_flock,25,15.81,100.0,0.22,15.62
cooperative_flock,25,15.2,100.0,0.2,15.0
cooperative_flock,25,15.68,100.0,0.18,15.5
cooperative_flock,25,15.4,100.0,0.19,15.21
cooperative_flock,25,15.49,100.0,0.19,15.3
cooperative_flock,25,15.5,100.0,0.2,15.3
cooperative_flock,25,15.2,100.0,0.2,15.0
cooperative_flock,25,15.2,100.0,0.22,14.99
cooperative_flock,25,15.69,100.0,0.19,15.5
cooperative_flock,25,15.5,100.0,0.19,15.31
cooperative_flock,25,15.5,100.0,0.2,15.31
cooperative_flock,25,15.5,100.0,0.19,15.31
cooperative_flock,25,15.29,100.0,0.19,15.1
cooperative_flock,25,15.6,100.0,0.2,15.4
cooperative_flock,25,15.6,100.0,0.19,15.41
cooperative_flock,25,15.6,100.0,0.19,15.41
cooperative_flock,25,15.47,100.0,0.18,15.29
cooperative_flock,25,15.3,100.0,0.2,15.11
cooperative_flock,25,15.58,100.0,0.18,15.4
cooperative_flock,25,15.3,100.0,0.2,15.1
cooperative_flock,25,15.5,100.0,0.2,15.34
cooperative_flock,25,15.4,100.0,0.19,15.21
cooperative_flock,25,15.6,100.0,0.19,15.41
cooperative_flock,25,15.4,100.0,0.19,15.21
cooperative_flock,25,15.2,100.0,0.2,15.0
cooperative_flock,25,15.5,100.0,0.2,15.3
cooperative_flock,25,15.49,100.0,0.18,15.3
cooperative_flock,25,15.59,100.0,0.19,15.4
cooperative_flock,25,15.58,100.0,0.18,15.4
cooperative_flock,25,15.71,100.0,0.2,15.5
cooperative_flock,25,15.4,100.0,0.19,15.21
cooperative_flock,25,15.5,100.0,0.2,15.3
cooperative_flock,25,15.4,100.0,0.21,15.2
cooperative_flock,25,15.38,100.0,0.18,15.2
cooperative_flock,25,15.6,100.0,0.19,15.41
cooperative_flock,25,15.6,100.0,0.2,15.41
cooperative_flock,25,15.47,100.0,0.18,15.29
cooperative_flock,25,15.6,100.0,0.19,15.41
cooperative_flock,25,15.6,100.0,0.19,15.41
cooperative_flock,25,15.4,100.0,0.19,15.21
cooperative_flock,25,15.1,100.0,0.2,14.9
cooperative_flock,25,15.6,100.0,0.2,15.4
cooperative_flock,25,15.4,100.0,0.2,15.2
cooperative_flock,25,15.58,100.0,0.18,15.4
cooperative_flock,25,15.6,100.0,0.2,15.4
cooperative_flock,25,15.5,100.0,0.19,15.31
cooperative_flock,25,15.6,100.0,0.2,15.4
cooperative_flock,25,15.28,100.0,0.18,15.1
cooperative_flock,25,15.6,100.0,0.2,15.4
cooperative_flock,25,15.57,100.0,0.17,15.4
cooperative_flock,25,15.6,100.0,0.2,15.4
cooperative_flock,25,15.6,100.0,0.19,15.41
cooperative_flock,25,15.5,100.0,0.19,15.31
cooperative_flock,25,15.5,100.0,0.2,15.3
cooperative_flock,25,15.4,100.0,0.2,15.2
cooperative_flock,25,15.5,100.0,0.2,15.3
cooperative_flock,25,15.5,100.0,0.19,15.32
cooperative_flock,25,15.32,100.0,0.23,15.1
cooperative_flock,25,15.48,100.0,0.19,15.3
cooperative_flock,25,15.5,100.0,0.19,15.31
cooperative_flock,25,15.4,100.0,0.19,15.21
cooperative_flock,25,15.4,100.0,0.2,15.21
cooperative_flock,25,15.49,100.0,0.2,15.3
cooperative_flock,25,15.7,100.0,0.2,15.5
cooperative_flock,25,15.61,100.0,0.21,15.4
cooperative_flock,25,15.5,100.0,0.2,15.3
cooperative_flock,25,15.59,100.0,0.19,15.4
cooperative_flock,25,15.37,100.0,0.17,15.2
cooperative_flock,25,15.5,100.0,0.19,15.31
cooperative_flock,25,15.71,100.0,0.31,15.4
cooperative_flock,25,15.61,100.0,0.22,15.39
cooperative_flock,25,14.98,100.0,0.19,14.79
cooperative_flock,25,15.4,100.0,0.19,15.21
cooperative_flock,25,15.6,100.0,0.19,15.42
cooperative_flock,25,15.5,100.0,0.19,15.31
cooperative_flock,25,15.6,100.0,0.2,15.4
cooperative_flock,25,15.4,100.0,0.2,15.2
cooperative_flock,25,15.2,100.0,0.2,15.0
cooperative_flock,25,15.38,100.0,0.18,15.2
cooperative_flock,25,15.58,100.0,0.18,15.4
cooperative_flock,25,15.3,100.0,0.2,15.1
cooperative_flock,25,15.59,100.0,0.19,15.4
cooperative_flock,25,15.59,100.0,0.19,15.4
cooperative_flock,25,15.49,100.0,0.19,15.31
cooperative_flock,25,15.3,100.0,0.2,15.1
cooperative_flock,25,15.39,100.0,0.19,15.2
cooperative_flock,25,15.5,100.0,0.19,15.31
cooperative_flock,25,15.3,100.0,0.2,15.11
cooperative_flock,25,15.5,100.0,0.19,15.31
cooperative_flock,25,15.22,100.0,0.23,15.0
cooperative_flock,25,15.6,100.0,0.19,15.41
cooperative_flock,25,15.3,100.0,0.2,15.11
cooperative_flock,25,15.5,100.0,0.2,15.3
cooperative_flock,25,15.58,100.0,0.18,15.4
cooperative_flock,25,15.5,100.0,0.19,15.31
cooperative_flock,25,15.4,100.0,0.2,15.2
cooperative_flock,25,15.4,100.0,0.2,15.2
cooperative_flock,25,15.58,100.0,0.18,15.4
cooperative_flock,25,15.28,100.0,0.18,15.1
cooperative_flock,25,15.5,100.0,0.19,15.31
cooperative_flock,30,15.5,100.0,0.19,15.31
cooperative_flock,30,16.11,100.0,0.21,15.9
cooperative_flock,30,16.0,100.0,0.19,15.81
cooperative_flock,30,15.9,100.0,0.19,15.71
cooperative_flock,30,16.21,100.0,0.21,16.0
cooperative_flock,30,15.58,100.0,0.18,15.4
cooperative_flock,30,15.5,100.0,0.2,15.3
cooperative_flock,30,15.5,100.0,0.19,15.31
cooperative_flock,30,15.4,100.0,0.19,15.21
cooperative_flock,30,15.3,100.0,0.2,15.11
cooperative_flock,30,15.48,100.0,0.18,15.3
cooperative_flock,30,16.09,100.0,0.18,15.9
cooperative_flock,30,15.98,100.0,0.19,15.8
cooperative_flock,30,15.99,100.0,0.19,15.8
cooperative_flock,30,16.5,100.0,0.19,16.31
cooperative_flock,30,15.5,100.0,0.19,15.31
cooperative_flock,30,16.2,100.0,0.2,16.0
cooperative_flock,30,16.1,100.0,0.2,15.9
cooperative_flock,30,15.5,100.0,0.2,15.31
cooperative_flock,30,15.8,100.0,0.2,15.6
cooperative_flock,30,15.6,100.0,0.2,15.43
cooperative_flock,30,15.6,100.0,0.2,15.4
cooperative_flock,30,15.59,100.0,0.19,15.4
cooperative_flock,30,15.58,100.0,0.18,15.4
cooperative_flock,30,15.77,100.0,0.18,15.59
cooperative_flock,30,16.9,100.0,0.2,16.71
cooperative_flock,30,15.2,100.0,0.19,15.01
cooperative_flock,30,15.6,100.0,0.19,15.41
cooperative_flock,30,15.67,100.0,0.18,15.5
cooperative_flock,30,16.19,100.0,0.19,16.0
cooperative_flock,30,26.2,100.0,0.19,26.01
cooperative_flock,30,16.1,100.0,0.2,15.9
cooperative_flock,30,15.7,100.0,0.2,15.5
cooperative_flock,30,15.7,100.0,0.2,15.5
cooperative_flock,30,15.3,100.0,0.2,15.1
cooperative_flock,30,15.79,100.0,0.19,15.61
cooperative_flock,30,15.8,100.0,0.19,15.61
cooperative_flock,30,16.0,100.0,0.2,15.8
cooperative_flock,30,16.09,100.0,0.19,15.9
cooperative_flock,30,16.6,100.0,0.19,16.41
cooperative_flock,30,30.7,100.0,5.7,25.01
cooperative_flock,30,15.79,100.0,0.2,15.6
cooperative_flock,30,15.8,100.0,0.19,15.61
cooperative_flock,30,15.48,100.0,0.18,15.3
cooperative_flock,30,15.38,100.0,0.19,15.2
cooperative_flock,30,15.81,100.0,0.21,15.6
cooperative_flock,30,15.29,100.0,0.19,15.1
cooperative_flock,30,17.18,100.0,0.18,17.0
cooperative_flock,30,15.7,100.0,0.19,15.51
cooperative_flock,30,15.88,100.0,0.18,15.7
cooperative_flock,30,15.7,100.0,0.2,15.51
cooperative_flock,30,17.59,100.0,0.18,17.4
cooperative_flock,30,16.19,100.0,0.19,16.0
cooperative_flock,30,15.98,100.0,0.19,15.8
cooperative_flock,30,15.92,100.0,0.23,15.7
cooperative_flock,30,16.0,100.0,0.19,15.81
cooperative_flock,30,15.79,100.0,0.19,15.6
cooperative_flock,30,16.52,100.0,0.22,16.3
cooperative_flock,30,32.28,100.0,1.48,30.8
cooperative_flock,30,15.7,100.0,0.19,15.51
cooperative_flock,30,16.4,100.0,0.2,16.23
cooperative_flock,30,15.78,100.0,0.18,15.6
cooperative_flock,30,15.8,100.0,0.2,15.6
cooperative_flock,30,15.7,100.0,0.19,15.51
cooperative_flock,30,15.8,100.0,0.2,15.6
cooperative_flock,30,16.6,100.0,0.19,16.41
cooperative_flock,30,15.39,100.0,0.19,15.2
cooperative_flock,30,17.5,100.0,0.19,17.31
cooperative_flock,30,15.78,100.0,0.18,15.6
cooperative_flock,30,16.29,100.0,0.19,16.1
cooperative_flock,30,15.71,100.0,0.21,15.5
cooperative_flock,30,15.79,100.0,0.19,15.6
cooperative_flock,30,16.0,100.0,0.19,15.81
cooperative_flock,30,15.9,100.0,0.19,15.71
cooperative_flock,30,15.96,100.0,0.26,15.7
cooperative_flock,30,15.9,100.0,0.19,15.71
cooperative_flock,30,15.58,100.0,0.18,15.4
cooperative_flock,30,17.19,100.0,0.18,17.0
cooperative_flock,30,16.09,100.0,0.19,15.91
cooperative_flock,30,15.68,100.0,0.18,15.49
cooperative_flock,30,15.68,100.0,0.18,15.54
cooperative_flock,30,15.4,100.0,0.19,15.21
cooperative_flock,30,15.8,100.0,0.19,15.61
cooperative_flock,30,15.8,100.0,0.19,15.61
cooperative_flock,30,29.9,100.0,0.89,29.01
cooperative_flock,30,15.8,100.0,0.2,15.6
cooperative_flock,30,16.1,100.0,0.19,15.91
cooperative_flock,30,16.17,100.0,0.17,16.0
cooperative_flock,30,15.78,100.0,0.18,15.6
cooperative_flock,30,15.81,100.0,0.21,15.6
cooperative_flock,30,16.2,100.0,0.2,16.0
cooperative_flock,30,15.78,100.0,0.18,15.6
cooperative_flock,30,19.9,100.0,0.79,19.11
cooperative_flock,30,15.88,100.0,0.18,15.7
cooperative_flock,30,15.79,100.0,0.18,15.6
cooperative_flock,30,15.9,100.0,0.19,15.71
cooperative_flock,30,15.6,100.0,0.19,15.41
cooperative_flock,30,15.74,100.0,0.24,15.5
cooperative_flock,30,15.89,100.0,0.19,15.7
cooperative_flock,30,15.6,100.0,0.19,15.41
divided_flock,10,21.8,100.0,7.3,14.55
divided_flock,10,21.6,100.0,6.2,15.4
divided_flock,10,25.0,100.0,9.0,16.0
divided_flock,10,20.48,100.0,6.08,14.4
divided_flock,10,29.8,100.0,6.5,23.3
divided_flock,10,29.97,100.0,6.38,23.59
divided_flock,10,20.18,100.0,5.98,14.2
divided_flock,10,21.87,100.0,5.68,16.2
divided_flock,10,19.67,100.0,6.48,13.2
divided_flock,10,23.88,100.0,8.88,15.0
divided_flock,10,20.19,100.0,5.79,14.4
divided_flock,10,23.8,100.0,5.5,18.3
divided_flock,10,18.89,100.0,5.69,13.2
divided_flock,10,19.1,100.0,6.0,13.1
divided_flock,10,19.6,100.0,7.0,12.6
divided_flock,10,18.67,100.0,6.18,12.49
divided_flock,10,22.57,100.0,6.28,16.3
divided_flock,10,18.7,100.0,5.6,13.1
divided_flock,10,29.6,100.0,7.0,22.6
divided_flock,10,19.81,100.0,5.91,13.9
divided_flock,10,18.88,100.0,6.08,12.8
divided_flock,10,19.67,100.0,5.87,13.8
divided_flock,10,19.6,100.0,7.0,12.6
divided_flock,10,21.0,100.0,6.2,14.8
divided_flock,10,23.4,100.0,5.89,17.51
divided_flock,10,19.28,100.0,6.08,13.2
divided_flock,10,18.6,100.0,5.2,13.4
divided_flock,10,22.1,100.0,7.9,14.2
divided_flock,10,19.6,100.0,6.2,13.41
divided_flock,10,26.07,100.0,7.88,18.2
divided_flock,10,19.59,100.0,5.89,13.7
divided_flock,10,28.4,100.0,5.49,22.91
divided_flock,10,35.6,100.0,5.71,29.9
divided_flock,10,23.31,100.0,6.42,16.89
divided_flock,10,20.48,100.0,5.99,14.5
divided_flock,10,22.0,100.0,5.7,16.31
divided_flock,10,19.3,100.0,5.7,13.6
divided_flock,10,19.8,100.0,6.0,13.8
divided_flock,10,19.6,100.0,6.3,13.3
divided_flock,10,19.98,100.0,5.58,14.4
divided_flock,10,23.1,100.0,7.6,15.51
divided_flock,10,18.6,100.0,5.5,13.1
divided_flock,10,20.09,100.0,6.39,13.7
divided_flock,10,19.0,100.0,6.1,12.9
divided_flock,10,28.8,100.0,6.4,22.4
divided_flock,10,20.0,100.0,5.9,14.1
divided_flock,10,18.79,100.0,6.09,12.7
divided_flock,10,19.0,100.0,5.49,13.51
divided_flock,10,19.38,100.0,6.08,13.3
divided_flock,10,23.01,100.0,9.81,13.2
divided_flock,10,19.3,100.0,5.79,13.51
divided_flock,10,18.3,100.0,5.7,12.6
divided_flock,10,33.77,100.0,11.38,22.4
divided_flock,10,20.6,100.0,5.79,14.81
divided_flock,10,19.5,100.0,6.2,13.3
divided_flock,10,23.59,100.0,6.18,17.4
divided_flock,10,18.67,100.0,6.17,12.5
divided_flock,10,21.88,100.0,7.58,14.3
divided_flock,10,24.32,100.0,7.42,16.9
divided_flock,10,21.5,100.0,6.2,15.3
divided_flock,10,18.88,100.0,5.88,13.0
divided_flock,10,23.12,100.0,8.92,14.2
divided_flock,10,19.7,100.0,6.2,13.5
divided_flock,10,18.58,100.0,6.18,12.4
divided_flock,10,21.2,100.0,6.59,14.61
divided_flock,10,19.49,100.0,5.99,13.5
divided_flock,10,19.17,100.0,6.17,13.0
divided_flock,10,18.97,100.0,6.18,12.8
divided_flock,10,22.2,100.0,5.9,16.3
divided_flock,10,21.3,100.0,6.2,15.1
divided_flock,10,19.6,100.0,6.01,13.6
divided_flock,10,18.98,100.0,6.08,12.9
divided_flock,10,18.1,100.0,5.6,12.5
divided_flock,10,28.2,100.0,6.39,21.81
divided_flock,10,19.79,100.0,6.18,13.6
divided_flock,10,19.08,100.0,6.18,12.9
divided_flock,10,22.49,100.0,5.99,16.5
divided_flock,10,20.3,100.0,6.2,14.1
divided_flock,10,18.5,100.0,6.18,12.31
divided_flock,10,20.8,100.0,5.8,15.0
divided_flock,10,19.1,100.0,5.39,13.71
divided_flock,10,18.97,100.0,5.68,13.29
divided_flock,10,21.57,100.0,6.88,14.7
divided_flock,10,23.9,100.0,7.8,16.1
divided_flock,10,20.3,100.0,6.39,13.91
divided_flock,10,20.6,100.0,6.2,14.4
divided_flock,10,18.6,100.0,6.1,12.51
divided_flock,10,23.08,100.0,7.38,15.7
divided_flock,10,30.6,100.0,5.69,24.91
divided_flock,10,19.48,100.0,5.58,13.9
divided_flock,10,28.2,100.0,5.99,22.21
divided_flock,10,19.4,100.0,5.69,13.71
divided_flock,10,18.08,100.0,5.68,12.4
divided_flock,10,20.89,100.0,5.99,14.9
divided_flock,10,19.6,100.0,6.1,13.51
divided_flock,10,34.98,100.0,10.18,24.8
divided_flock,10,19.9,100.0,5.6,14.3
divided_flock,10,19.4,100.0,6.3,13.11
divided_flock,10,26.18,100.0,6.68,19.5
divided_flock,10,21.2,100.0,6.8,14.4
divided_flock,15,27.6,100.0,5.89,21.75
divided_flock,15,20.98,100.0,6.98,14.0
divided_flock,15,20.09,100.0,6.49,13.6
divided_flock,15,19.28,100.0,6.48,12.8
divided_flock,15,18.1,100.0,5.39,12.71
divided_flock,15,33.2,100.0,7.4,25.8
divided_flock,15,19.3,100.0,6.39,12.91
divided_flock,15,18.8,100.0,6.2,12.6
divided_flock,15,18.8,100.0,5.8,13.0
divided_flock,15,24.08,100.0,5.58,18.5
divided_flock,15,20.4,100.0,6.2,14.2
divided_flock,15,18.58,100.0,5.98,12.6
divided_flock,15,20.9,100.0,6.1,14.81
divided_flock,15,22.0,100.0,6.5,15.5
divided_flock,15,21.09,100.0,5.69,15.4
divided_flock,15,25.27,100.0,7.48,17.8
divided_flock,15,24.97,100.0,6.08,18.9
divided_flock,15,20.92,100.0,7.02,13.9
divided_flock,15,24.18,100.0,8.07,16.1
divided_flock,15,18.2,100.0,5.8,12.4
divided_flock,15,27.08,100.0,5.78,21.3
divided_flock,15,25.91,100.0,6.11,19.8
divided_flock,15,19.48,100.0,6.38,13.1
divided_flock,15,19.7,100.0,6.1,13.61
divided_flock,15,19.6,100.0,6.0,13.6
divided_flock,15,19.88,100.0,5.58,14.3
divided_flock,15,19.67,100.0,5.48,14.2
divided_flock,15,19.4,100.0,6.0,13.4
divided_flock,15,19.5,100.0,6.29,13.21
divided_flock,15,20.18,100.0,5.98,14.2
divided_flock,15,24.28,100.0,6.58,17.7
divided_flock,15,19.2,100.0,5.59,13.61
divided_flock,15,19.58,100.0,6.08,13.5
divided_flock,15,23.88,100.0,7.48,16.4
divided_flock,15,18.48,100.0,5.58,12.9
divided_flock,15,17.58,100.0,5.48,12.1
divided_flock,15,18.4,100.0,5.59,12.81
divided_flock,15,32.7,100.0,6.8,25.9
divided_flock,15,18.28,100.0,5.98,12.3
divided_flock,15,19.58,100.0,6.98,12.6
divided_flock,15,22.99,100.0,8.49,14.5
divided_flock,15,21.5,100.0,6.09,15.41
divided_flock,15,23.68,100.0,6.68,17.0
divided_flock,15,23.28,100.0,6.38,16.9
divided_flock,15,22.6,100.0,8.0,14.6
divided_flock,15,27.8,100.0,10.2,17.61
divided_flock,15,26.19,100.0,6.89,19.3
divided_flock,15,19.47,100.0,6.47,13.0
divided_flock,15,19.38,100.0,6.68,12.7
divided_flock,15,20.27,100.0,7.28,13.0
divided_flock,15,18.4,100.0,5.6,12.8
divided_flock,15,20.1,100.0,6.4,13.71
divided_flock,15,29.05,100.0,12.35,16.7
divided_flock,15,18.0,100.0,5.7,12.3
divided_flock,15,20.28,100.0,6.18,14.1
divided_flock,15,17.88,100.0,5.78,12.1
divided_flock,15,22.48,100.0,6.08,16.4
divided_flock,15,23.57,100.0,5.98,17.6
divided_flock,15,19.57,100.0,5.98,13.59
divided_flock,15,20.87,100.0,7.18,13.7
divided_flock,15,25.9,100.0,6.39,19.54
divided_flock,15,21.88,100.0,7.68,14.2
divided_flock,15,19.18,100.0,6.18,13.0
divided_flock,15,20.9,100.0,6.29,14.62
divided_flock,15,26.1,100.0,10.7,15.4
divided_flock,15,20.3,100.0,6.59,13.71
divided_flock,15,19.6,100.0,6.4,13.2
divided_flock,15,19.48,100.0,5.68,13.8
divided_flock,15,18.49,100.0,6.19,12.3
divided_flock,15,23.39,100.0,6.39,17.01
divided_flock,15,24.48,100.0,6.18,18.3
divided_flock,15,19.08,100.0,6.08,13.0
divided_flock,15,22.78,100.0,7.88,14.9
divided_flock,15,20.1,100.0,5.6,14.5
divided_flock,15,30.65,100.0,7.25,23.4
divided_flock,15,30.78,100.0,9.98,20.8
divided_flock,15,18.79,100.0,5.79,13.0
divided_flock,15,23.49,100.0,5.69,17.8
divided_flock,15,21.88,100.0,6.58,15.3
divided_flock,15,20.07,100.0,5.98,14.1
divided_flock,15,21.57,100.0,6.78,14.84
divided_flock,15,18.98,100.0,6.28,12.7
divided_flock,15,20.4,100.0,5.99,14.41
divided_flock,15,22.9,100.0,6.6,16.31
divided_flock,15,27.57,100.0,5.88,21.7
divided_flock,15,18.97,100.0,5.68,13.29
divided_flock,15,20.42,100.0,6.32,14.1
divided_flock,15,20.4,100.0,5.79,14.61
divided_flock,15,18.98,100.0,5.38,13.6
divided_flock,15,19.0,100.0,5.9,13.1
divided_flock,15,20.77,100.0,5.58,15.2
divided_flock,15,24.48,100.0,7.08,17.4
divided_flock,15,18.69,100.0,5.69,13.0
divided_flock,15,23.8,100.0,6.09,17.71
divided_flock,15,19.08,100.0,5.88,13.2
divided_flock,15,37.1,100.0,6.6,30.5
divided_flock,15,21.4,100.0,6.0,15.4
divided_flock,15,20.67,100.0,6.58,14.1
divided_flock,15,30.09,100.0,5.89,24.2
divided_flock,15,18.38,100.0,6.08,12.3
divided_flock,20,24.19,100.0,7.28,16.95
divided_flock,20,25.38,100.0,6.08,19.3
divided_flock,20,18.88,100.0,5.98,12.9
divided_flock,20,27.2,100.0,6.59,20.6
divided_flock,20,33.5,100.0,8.89,24.61
divided_flock,20,19.6,100.0,6.3,13.3
divided_flock,20,22.59,100.0,6.59,16.01
divided_flock,20,18.39,100.0,5.29,13.1
divided_flock,20,23.1,100.0,8.1,15.0
divided_flock,20,17.8,100.0,5.69,12.11
divided_flock,20,21.4,100.0,6.7,14.7
divided_flock,20,18.5,100.0,6.29,12.21
divided_flock,20,20.22,100.0,7.22,13.0
divided_flock,20,20.4,100.0,5.7,14.7
divided_flock,20,19.29,100.0,6.39,12.9
divided_flock,20,18.97,100.0,5.88,13.09
divided_flock,20,19.97,100.0,6.57,13.4
divided_flock,20,24.67,100.0,6.88,17.8
divided_flock,20,26.3,100.0,12.1,14.2
divided_flock,20,19.78,100.0,6.18,13.6
divided_flock,20,23.6,100.0,7.69,15.95
divided_flock,20,24.1,100.0,7.3,16.8
divided_flock,20,20.58,100.0,5.78,14.8
divided_flock,20,23.9,100.0,6.0,17.91
divided_flock,20,22.8,100.0,6.3,16.5
divided_flock,20,21.0,100.0,5.29,15.71
divided_flock,20,18.9,100.0,6.2,12.71
divided_flock,20,24.98,100.0,7.67,17.3
divided_flock,20,21.0,100.0,7.7,13.3
divided_flock,20,19.58,100.0,5.79,13.79
divided_flock,20,19.08,100.0,5.98,13.1
divided_flock,20,18.47,100.0,5.78,12.7
divided_flock,20,24.37,100.0,7.18,17.2
divided_flock,20,18.89,100.0,5.89,13.0
divided_flock,20,19.38,100.0,6.18,13.2
divided_flock,20,22.12,100.0,5.72,16.4
divided_flock,20,22.5,100.0,5.69,16.81
divided_flock,20,27.0,100.0,6.0,21.01
divided_flock,20,20.18,100.0,7.28,12.9
divided_flock,20,18.88,100.0,5.98,12.9
divided_flock,20,25.4,100.0,9.0,16.4
divided_flock,20,18.98,100.0,5.98,13.0
divided_flock,20,22.29,100.0,5.69,16.6
divided_flock,20,22.7,100.0,6.4,16.3
divided_flock,20,27.11,100.0,7.92,19.2
divided_flock,20,18.98,100.0,5.88,13.1
divided_flock,20,18.59,100.0,5.99,12.6
divided_flock,20,29.98,100.0,8.88,21.1
divided_flock,20,21.19,100.0,7.79,13.41
divided_flock,20,20.7,100.0,5.59,15.11
divided_flock,20,31.77,100.0,6.27,25.5
divided_flock,20,25.88,100.0,6.68,19.2
divided_flock,20,18.2,100.0,5.9,12.3
divided_flock,20,19.57,100.0,6.98,12.59
divided_flock,20,24.29,100.0,5.59,18.7
divided_flock,20,20.9,100.0,7.2,13.7
divided_flock,20,20.99,100.0,5.89,15.1
divided_flock,20,21.5,100.0,7.1,14.4
divided_flock,20,18.6,100.0,5.8,12.81
divided_flock,20,24.18,100.0,7.78,16.4
divided_flock,20,24.5,100.0,6.1,18.4
divided_flock,20,20.49,100.0,6.09,14.4
divided_flock,20,18.5,100.0,5.79,12.71
divided_flock,20,19.38,100.0,6.38,13.0
divided_flock,20,19.6,100.0,6.2,13.4
divided_flock,20,18.97,100.0,5.97,13.0
divided_flock,20,25.0,100.0,8.4,16.6
divided_flock,20,19.18,100.0,6.28,12.9
divided_flock,20,18.09,100.0,5.38,12.71
divided_flock,20,23.2,100.0,6.9,16.3
divided_flock,20,20.58,100.0,6.28,14.3
divided_flock,20,23.28,100.0,7.58,15.7
divided_flock,20,19.54,100.0,6.54,13.0
divided_flock,20,18.57,100.0,5.58,13.0
divided_flock,20,24.28,100.0,5.68,18.6
divided_flock,20,39.67,100.0,10.68,29.0
divided_flock,20,19.2,100.0,5.5,13.7
divided_flock,20,18.88,100.0,5.78,13.1
divided_flock,20,19.59,100.0,6.09,13.5
divided_flock,20,17.67,100.0,5.87,11.79
divided_flock,20,24.4,100.0,7.5,16.94
divided_flock,20,20.5,100.0,7.5,13.01
divided_flock,20,21.2,100.0,6.7,14.5
divided_flock,20,19.98,100.0,6.08,13.9
divided_flock,20,21.8,100.0,6.79,15.01
divided_flock,20,19.1,100.0,5.8,13.3
divided_flock,20,18.48,100.0,5.68,12.8
divided_flock,20,19.18,100.0,6.18,13.0
divided_flock,20,22.77,100.0,5.98,16.79
divided_flock,20,18.38,100.0,6.18,12.2
divided_flock,20,23.27,100.0,7.48,15.79
divided_flock,20,29.2,100.0,5.7,23.5
divided_flock,20,21.6,100.0,7.0,14.61
divided_flock,20,21.28,100.0,7.58,13.7
divided_flock,20,20.3,100.0,8.2,12.1
divided_flock,20,19.88,100.0,7.58,12.3
divided_flock,20,20.98,100.0,6.58,14.4
divided_flock,20,19.27,100.0,5.87,13.4
divided_flock,20,18.8,100.0,6.5,12.3
divided_flock,20,30.18,100.0,8.38,21.8
divided_flock,25,18.8,100.0,6.0,12.8
divided_flock,25,19.1,100.0,6.09,13.01
divided_flock,25,24.09,100.0,5.49,18.6
divided_flock,25,25.07,100.0,6.08,19.0
divided_flock,25,20.7,100.0,5.6,15.1
divided_flock,25,21.9,100.0,6.0,15.9
divided_flock,25,22.38,100.0,6.49,15.9
divided_flock,25,21.95,100.0,8.76,13.2
divided_flock,25,17.8,100.0,5.6,12.2
divided_flock,25,19.48,100.0,6.18,13.3
divided_flock,25,19.39,100.0,6.29,13.1
divided_flock,25,18.69,100.0,6.29,12.4
divided_flock,25,19.28,100.0,6.38,12.9
divided_flock,25,19.68,100.0,6.48,13.2
divided_flock,25,21.6,100.0,8.1,13.5
divided_flock,25,24.58,100.0,6.68,17.9
divided_flock,25,20.5,100.0,6.9,13.6
divided_flock,25,26.7,100.0,8.4,18.3
divided_flock,25,29.7,100.0,13.8,15.91
divided_flock,25,17.9,100.0,5.69,12.21
divided_flock,25,19.98,100.0,7.08,12.93
divided_flock,25,25.18,100.0,5.99,19.2
divided_flock,25,18.7,100.0,5.8,12.9
divided_flock,25,20.2,100.0,6.09,14.11
divided_flock,25,35.39,100.0,8.69,26.7
divided_flock,25,19.5,100.0,6.0,13.5
divided_flock,25,20.9,100.0,5.4,15.5
divided_flock,25,18.1,100.0,6.0,12.1
divided_flock,25,22.31,100.0,8.51,13.8
divided_flock,25,20.4,100.0,5.8,14.6
divided_flock,25,19.38,100.0,5.88,13.5
divided_flock,25,18.1,100.0,6.0,12.11
divided_flock,25,29.68,100.0,8.58,21.1
divided_flock,25,19.0,100.0,6.1,12.9
divided_flock,25,19.26,100.0,5.87,13.39
divided_flock,25,20.39,100.0,6.19,14.2
divided_flock,25,19.3,100.0,6.2,13.1
divided_flock,25,26.3,100.0,6.3,20.0
divided_flock,25,18.0,100.0,5.9,12.1
divided_flock,25,18.88,100.0,5.68,13.2
divided_flock,25,19.08,100.0,5.38,13.7
divided_flock,25,19.2,100.0,6.5,12.7
divided_flock,25,19.17,100.0,6.47,12.7
divided_flock,25,19.0,100.0,5.69,13.31
divided_flock,25,18.68,100.0,6.18,12.5
divided_flock,25,19.0,100.0,6.7,12.3
divided_flock,25,19.98,100.0,6.69,13.3
divided_flock,25,19.99,100.0,5.69,14.3
divided_flock,25,25.48,100.0,7.68,17.8
divided_flock,25,18.48,100.0,5.89,12.6
divided_flock,25,19.9,100.0,6.3,13.61
divided_flock,25,30.18,100.0,8.18,22.0
divided_flock,25,20.1,100.0,6.8,13.3
divided_flock,25,33.38,100.0,9.69,23.69
divided_flock,25,21.3,100.0,6.0,15.3
divided_flock,25,19.68,100.0,5.78,13.9
divided_flock,25,44.1,100.0,12.3,31.8
divided_flock,25,19.3,100.0,5.7,13.6
divided_flock,25,22.18,100.0,5.98,16.2
divided_flock,25,18.67,100.0,6.08,12.6
divided_flock,25,19.18,100.0,5.98,13.2
divided_flock,25,18.47,100.0,5.88,12.6
divided_flock,25,20.0,100.0,7.1,12.9
divided_flock,25,20.08,100.0,7.28,12.8
divided_flock,25,18.9,100.0,6.1,12.8
divided_flock,25,18.88,100.0,6.08,12.8
divided_flock,25,33.78,100.0,10.68,23.1
divided_flock,25,19.1,100.0,5.9,13.2
divided_flock,25,18.77,100.0,5.98,12.8
divided_flock,25,20.37,100.0,6.08,14.3
divided_flock,25,31.89,100.0,7.19,24.7
divided_flock,25,24.1,100.0,6.89,17.21
divided_flock,25,27.2,100.0,7.1,20.1
divided_flock,25,28.1,100.0,6.4,21.7
divided_flock,25,19.39,100.0,5.89,13.5
divided_flock,25,18.7,100.0,5.8,12.9
divided_flock,25,36.99,100.0,8.49,28.5
divided_flock,25,20.18,100.0,5.78,14.4
divided_flock,25,24.1,100.0,6.49,17.61
divided_flock,25,25.58,100.0,6.68,18.9
divided_flock,25,19.89,100.0,6.89,13.04
divided_flock,25,24.38,100.0,9.28,15.11
divided_flock,25,18.7,100.0,6.6,12.1
divided_flock,25,19.1,100.0,6.4,12.7
divided_flock,25,19.0,100.0,5.8,13.21
divided_flock,25,19.3,100.0,6.3,13.0
divided_flock,25,28.38,100.0,7.38,21.0
divided_flock,25,19.4,100.0,6.9,12.5
divided_flock,25,19.7,100.0,5.9,13.81
divided_flock,25,19.78,100.0,6.08,13.7
divided_flock,25,20.48,100.0,6.98,13.5
divided_flock,25,20.5,100.0,8.1,12.41
divided_flock,25,19.38,100.0,6.08,13.3
divided_flock,25,23.0,100.0,8.7,14.3
divided_flock,25,23.78,100.0,8.08,15.7
divided_flock,25,18.61,100.0,5.62,13.0
divided_flock,25,23.5,100.0,7.3,16.2
divided_flock,25,18.5,100.0,6.1,12.4
divided_flock,25,23.18,100.0,7.18,16.0
divided_flock,25,19.78,100.0,6.58,13.2
divided_flock,30,22.0,100.0,6.5,15.55
divided_flock,30,18.1,100.0,5.8,12.3
divided_flock,30,21.78,100.0,6.28,15.5
divided_flock,30,30.18,100.0,7.58,22.6
divided_flock,30,24.2,100.0,8.6,15.6
divided_flock,30,23.8,100.0,9.6,14.21
divided_flock,30,30.18,100.0,10.48,19.7
divided_flock,30,26.2,100.0,6.79,19.41
divided_flock,30,18.59,100.0,6.0,12.6
divided_flock,30,21.5,100.0,6.5,15.01
divided_flock,30,27.6,100.0,6.7,20.9
divided_flock,30,24.3,100.0,10.69,13.61
divided_flock,30,20.28,100.0,6.58,13.7
divided_flock,30,25.78,100.0,7.88,17.9
divided_flock,30,20.5,100.0,7.7,12.8
divided_flock,30,23.58,100.0,6.48,17.1
divided_flock,30,22.68,100.0,6.47,16.2
divided_flock,30,18.48,100.0,5.88,12.6
divided_flock,30,21.99,100.0,7.69,14.31
divided_flock,30,21.4,100.0,5.8,15.61
divided_flock,30,18.57,100.0,5.67,12.9
divided_flock,30,18.68,100.0,5.78,12.9
divided_flock,30,22.68,100.0,6.38,16.3
divided_flock,30,19.74,100.0,5.54,14.2
divided_flock,30,19.19,100.0,6.39,12.8
divided_flock,30,20.2,100.0,6.5,13.7
divided_flock,30,24.18,100.0,6.38,17.8
divided_flock,30,21.1,100.0,7.2,13.9
divided_flock,30,38.28,100.0,6.18,32.1
divided_flock,30,22.29,100.0,7.29,15.0
divided_flock,30,19.38,100.0,5.68,13.7
divided_flock,30,18.89,100.0,6.29,12.6
divided_flock,30,49.3,100.0,12.69,36.61
divided_flock,30,18.91,100.0,6.11,12.8
divided_flock,30,25.23,100.0,8.73,16.5
divided_flock,30,18.9,100.0,6.3,12.6
divided_flock,30,26.9,100.0,8.5,18.4
divided_flock,30,20.4,100.0,7.49,12.91
divided_flock,30,21.07,100.0,6.88,14.2
divided_flock,30,24.97,100.0,6.98,18.0
divided_flock,30,19.57,100.0,6.88,12.73
divided_flock,30,18.4,100.0,5.89,12.51
divided_flock,30,25.1,100.0,8.1,17.0
divided_flock,30,20.68,100.0,6.38,14.3
divided_flock,30,23.4,100.0,6.5,16.91
divided_flock,30,22.9,100.0,6.79,16.11
divided_flock,30,21.4,100.0,6.8,14.61
divided_flock,30,21.6,100.0,5.8,15.8
divided_flock,30,18.68,100.0,5.38,13.3
divided_flock,30,21.4,100.0,6.39,15.01
divided_flock,30,20.6,100.0,5.8,14.8
divided_flock,30,23.93,100.0,7.23,16.7
divided_flock,30,25.28,100.0,7.48,17.8
divided_flock,30,27.6,100.0,8.4,19.2
divided_flock,30,42.1,100.0,10.1,32.0
divided_flock,30,22.5,100.0,8.4,14.1
divided_flock,30,18.3,100.0,5.79,12.51
divided_flock,30,22.28,100.0,6.98,15.3
divided_flock,30,20.4,100.0,6.6,13.81
divided_flock,30,24.98,100.0,7.08,17.9
divided_flock,30,22.19,100.0,6.99,15.24
divided_flock,30,19.38,100.0,6.18,13.2
divided_flock,30,19.7,100.0,6.29,13.41
divided_flock,30,20.03,100.0,6.13,13.9
divided_flock,30,20.4,100.0,5.8,14.6
divided_flock,30,18.69,100.0,6.29,12.4
divided_flock,30,20.69,100.0,6.59,14.1
divided_flock,30,20.37,100.0,7.28,13.09
divided_flock,30,21.79,100.0,7.59,14.2
divided_flock,30,18.27,100.0,5.78,12.5
divided_flock,30,19.0,100.0,5.9,13.1
divided_flock,30,35.58,100.0,11.18,24.4
divided_flock,30,20.5,100.0,7.0,13.5
divided_flock,30,23.2,100.0,6.19,17.0
divided_flock,30,21.6,100.0,7.8,13.8
divided_flock,30,21.2,100.0,6.39,14.81
divided_flock,30,28.6,100.0,6.29,22.31
divided_flock,30,20.09,100.0,6.99,13.1
divided_flock,30,23.9,100.0,10.19,13.71
divided_flock,30,33.18,100.0,13.98,19.2
divided_flock,30,22.5,100.0,6.9,15.64
divided_flock,30,24.2,100.0,8.9,15.3
divided_flock,30,51.38,100.0,6.78,44.6
divided_flock,30,18.48,100.0,5.58,12.9
divided_flock,30,19.68,100.0,6.08,13.6
divided_flock,30,19.9,100.0,6.6,13.31
divided_flock,30,22.88,100.0,7.08,15.8
divided_flock,30,19.31,100.0,6.21,13.1
divided_flock,30,32.18,100.0,16.08,16.1
divided_flock,30,20.58,100.0,7.38,13.2
divided_flock,30,19.4,100.0,6.1,13.3
divided_flock,30,19.1,100.0,6.4,12.7
divided_flock,30,23.18,100.0,9.18,14.0
divided_flock,30,18.5,100.0,5.7,12.8
divided_flock,30,25.48,100.0,6.58,18.9
divided_flock,30,26.9,100.0,5.91,21.0
divided_flock,30,21.5,100.0,8.4,13.1
divided_flock,30,19.9,100.0,6.89,13.01
divided_flock,30,22.9,100.0,9.0,13.9
divided_flock,30,18.68,100.0,6.08,12.6
lone_sheep,10,18.01,100.0,4.41,13.64
lone_sheep,10,18.29,100.0,4.29,14.0
lone_sheep,10,17.98,100.0,4.28,13.7
lone_sheep,10,18.19,100.0,3.9,14.3
lone_sheep,10,33.92,100.0,3.42,30.5
lone_sheep,10,18.4,100.0,4.3,14.11
lone_sheep,10,27.7,100.0,4.6,23.11
lone_sheep,10,22.8,100.0,4.1,18.7
lone_sheep,10,28.1,100.0,5.59,22.52
lone_sheep,10,18.74,100.0,4.24,14.5
lone_sheep,10,18.0,100.0,3.89,14.11
lone_sheep,10,18.1,100.0,3.69,14.41
lone_sheep,10,19.0,100.0,4.2,14.81
lone_sheep,10,18.68,100.0,4.58,14.1
lone_sheep,10,18.69,100.0,4.39,14.3
lone_sheep,10,18.88,100.0,3.98,14.9
lone_sheep,10,18.2,100.0,4.09,14.11
lone_sheep,10,18.18,100.0,4.08,14.1
lone_sheep,10,18.89,100.0,2.99,15.9
lone_sheep,10,18.29,100.0,4.19,14.1
lone_sheep,10,18.4,100.0,4.2,14.24
lone_sheep,10,17.98,100.0,4.18,13.8
lone_sheep,10,18.68,100.0,4.08,14.6
lone_sheep,10,18.18,100.0,3.98,14.2
lone_sheep,10,17.59,100.0,4.19,13.4
lone_sheep,10,18.2,100.0,4.2,14.01
lone_sheep,10,18.28,100.0,4.08,14.2
lone_sheep,10,18.4,100.0,4.39,14.01
lone_sheep,10,25.38,100.0,6.28,19.1
lone_sheep,10,19.61,100.0,4.02,15.6
lone_sheep,10,18.38,100.0,4.18,14.2
lone_sheep,10,19.98,100.0,4.08,15.9
lone_sheep,10,25.66,100.0,8.26,17.4
lone_sheep,10,17.49,100.0,3.69,13.8
lone_sheep,10,18.7,100.0,4.39,14.31
lone_sheep,10,18.4,100.0,4.3,14.1
lone_sheep,10,17.58,100.0,4.28,13.3
lone_sheep,10,23.4,100.0,4.49,18.91
lone_sheep,10,18.5,100.0,4.29,14.21
lone_sheep,10,18.5,100.0,4.3,14.2
lone_sheep,10,18.59,100.0,4.49,14.1
lone_sheep,10,23.69,100.0,2.69,21.0
lone_sheep,10,17.7,100.0,4.19,13.51
lone_sheep,10,19.2,100.0,4.6,14.6
lone_sheep,10,18.9,100.0,4.09,14.81
lone_sheep,10,18.39,100.0,4.09,14.3
lone_sheep,10,20.89,100.0,2.99,17.91
lone_sheep,10,23.69,100.0,4.39,19.3
lone_sheep,10,18.18,100.0,3.98,14.2
lone_sheep,10,17.9,100.0,4.0,13.91
lone_sheep,10,18.38,100.0,4.58,13.8
lone_sheep,10,18.11,100.0,4.01,14.1
lone_sheep,10,17.79,100.0,4.49,13.3
lone_sheep,10,18.1,100.0,4.09,14.01
lone_sheep,10,18.5,100.0,4.4,14.1
lone_sheep,10,17.98,100.0,4.08,13.9
lone_sheep,10,19.0,100.0,3.99,15.01
lone_sheep,10,19.81,100.0,4.51,15.3
lone_sheep,10,19.6,100.0,4.4,15.2
lone_sheep,10,17.8,100.0,4.5,13.3
lone_sheep,10,21.09,100.0,3.49,17.6
lone_sheep,10,18.8,100.0,4.59,14.21
lone_sheep,10,18.97,100.0,4.67,14.3
lone_sheep,10,17.7,100.0,3.89,13.81
lone_sheep,10,19.2,100.0,4.39,14.81
lone_sheep,10,17.8,100.0,4.09,13.71
lone_sheep,10,18.79,100.0,4.89,13.9
lone_sheep,10,18.7,100.0,4.3,14.4
lone_sheep,10,19.38,100.0,3.98,15.4
lone_sheep,10,18.2,100.0,3.99,14.21
lone_sheep,10,17.8,100.0,4.29,13.51
lone_sheep,10,18.38,100.0,3.98,14.39
lone_sheep,10,18.37,100.0,3.88,14.5
lone_sheep,10,17.98,100.0,4.38,13.6
lone_sheep,10,21.1,100.0,4.0,17.1
lone_sheep,10,18.38,100.0,4.29,14.1
lone_sheep,10,19.0,100.0,3.99,15.01
lone_sheep,10,19.3,100.0,3.8,15.51
lone_sheep,10,19.08,100.0,4.29,14.8
lone_sheep,10,17.8,100.0,4.09,13.71
lone_sheep,10,17.9,100.0,4.7,13.24
lone_sheep,10,18.2,100.0,4.09,14.11
lone_sheep,10,18.0,100.0,4.49,13.51
lone_sheep,10,21.08,100.0,3.88,17.2
lone_sheep,10,18.98,100.0,4.18,14.8
lone_sheep,10,19.1,100.0,4.19,14.91
lone_sheep,10,18.68,100.0,4.18,14.5
lone_sheep,10,17.87,100.0,4.18,13.7
lone_sheep,10,19.27,100.0,4.38,14.9
lone_sheep,10,18.17,100.0,4.17,14.0
lone_sheep,10,24.87,100.0,3.37,21.5
lone_sheep,10,20.29,100.0,3.19,17.1
lone_sheep,10,18.77,100.0,4.17,14.6
lone_sheep,10,18.77,100.0,4.27,14.5
lone_sheep,10,17.87,100.0,4.17,13.7
lone_sheep,10,18.78,100.0,4.38,14.4
lone_sheep,10,18.07,100.0,3.98,14.1
lone_sheep,10,22.8,100.0,4.1,18.7
lone_sheep,10,18.2,100.0,4.39,13.81
lone_sheep,10,21.3,100.0,2.89,18.41
lone_sheep,15,24.78,100.0,5.18,19.6
lone_sheep,15,18.09,100.0,4.6,13.5
lone_sheep,15,17.8,100.0,4.29,13.51
lone_sheep,15,17.27,100.0,3.98,13.3
lone_sheep,15,19.1,100.0,4.19,14.91
lone_sheep,15,20.0,100.0,2.99,17.01
lone_sheep,15,17.98,100.0,3.98,14.0
lone_sheep,15,18.6,100.0,4.6,14.0
lone_sheep,15,17.2,100.0,3.9,13.3
lone_sheep,15,18.28,100.0,4.08,14.2
lone_sheep,15,21.29,100.0,5.08,16.2
lone_sheep,15,26.5,100.0,5.39,21.1
lone_sheep,15,18.22,100.0,4.22,14.0
lone_sheep,15,17.6,100.0,4.2,13.4
lone_sheep,15,29.7,100.0,3.29,26.41
lone_sheep,15,26.88,100.0,2.98,23.9
lone_sheep,15,19.48,100.0,4.28,15.2
lone_sheep,15,23.6,100.0,4.39,19.21
lone_sheep,15,20.98,100.0,3.88,17.1
lone_sheep,15,18.49,100.0,4.39,14.1
lone_sheep,15,18.4,100.0,4.39,14.05
lone_sheep,15,19.4,100.0,4.6,14.8
lone_sheep,15,17.99,100.0,4.49,13.5
lone_sheep,15,18.2,100.0,4.4,13.81
lone_sheep,15,19.39,100.0,4.39,15.0
lone_sheep,15,18.28,100.0,3.98,14.3
lone_sheep,15,17.89,100.0,4.19,13.7
lone_sheep,15,18.58,100.0,4.28,14.3
lone_sheep,15,18.49,100.0,4.29,14.2
lone_sheep,15,21.6,100.0,3.9,17.71
lone_sheep,15,20.59,100.0,2.79,17.8
lone_sheep,15,19.0,100.0,4.49,14.51
lone_sheep,15,17.88,100.0,4.18,13.7
lone_sheep,15,19.58,100.0,3.08,16.5
lone_sheep,15,18.2,100.0,4.4,13.8
lone_sheep,15,17.58,100.0,4.28,13.3
lone_sheep,15,18.6,100.0,4.09,14.51
lone_sheep,15,18.79,100.0,4.59,14.2
lone_sheep,15,17.8,100.0,4.0,13.8
lone_sheep,15,18.68,100.0,4.18,14.5
lone_sheep,15,18.0,100.0,4.69,13.34
lone_sheep,15,17.97,100.0,4.67,13.3
lone_sheep,15,18.17,100.0,4.47,13.7
lone_sheep,15,18.68,100.0,4.28,14.4
lone_sheep,15,25.88,100.0,4.18,21.7
lone_sheep,15,18.8,100.0,4.5,14.3
lone_sheep,15,20.98,100.0,4.08,16.9
lone_sheep,15,18.2,100.0,4.3,13.9
lone_sheep,15,17.6,100.0,3.9,13.7
lone_sheep,15,21.89,100.0,4.39,17.5
lone_sheep,15,23.9,100.0,4.1,19.81
lone_sheep,15,30.7,100.0,9.3,21.4
lone_sheep,15,18.4,100.0,4.2,14.2
lone_sheep,15,17.88,100.0,4.18,13.7
lone_sheep,15,17.7,100.0,3.99,13.7
lone_sheep,15,18.97,100.0,4.28,14.69
lone_sheep,15,18.82,100.0,4.41,14.4
lone_sheep,15,18.3,100.0,3.9,14.4
lone_sheep,15,17.58,100.0,4.28,13.3
lone_sheep,15,19.98,100.0,4.48,15.5
lone_sheep,15,18.98,100.0,3.98,15.0
lone_sheep,15,17.79,100.0,4.18,13.6
lone_sheep,15,24.78,100.0,3.68,21.1
lone_sheep,15,18.28,100.0,3.98,14.29
lone_sheep,15,18.47,100.0,4.47,13.99
lone_sheep,15,18.27,100.0,4.28,14.0
lone_sheep,15,18.27,100.0,4.67,13.6
lone_sheep,15,19.38,100.0,4.88,14.5
lone_sheep,15,18.3,100.0,5.0,13.31
lone_sheep,15,18.68,100.0,3.98,14.7
lone_sheep,15,24.18,100.0,7.68,16.5
lone_sheep,15,28.78,100.0,8.28,20.5
lone_sheep,15,17.79,100.0,3.99,13.8
lone_sheep,15,19.11,100.0,4.21,14.9
lone_sheep,15,18.1,100.0,4.39,13.71
lone_sheep,15,19.78,100.0,4.08,15.7
lone_sheep,15,18.18,100.0,4.18,14.0
lone_sheep,15,17.4,100.0,3.9,13.5
lone_sheep,15,30.48,100.0,5.08,25.4
lone_sheep,15,19.38,100.0,3.58,15.8
lone_sheep,15,18.3,100.0,4.09,14.24
lone_sheep,15,18.6,100.0,3.9,14.71
lone_sheep,15,19.5,100.0,4.7,14.8
lone_sheep,15,18.8,100.0,3.89,14.91
lone_sheep,15,18.79,100.0,4.29,14.5
lone_sheep,15,22.9,100.0,4.3,18.61
lone_sheep,15,19.1,100.0,3.9,15.2
lone_sheep,15,21.4,100.0,5.29,16.11
lone_sheep,15,17.81,100.0,4.31,13.5
lone_sheep,15,18.3,100.0,4.5,13.81
lone_sheep,15,19.7,100.0,3.0,16.7
lone_sheep,15,18.0,100.0,4.29,13.71
lone_sheep,15,19.77,100.0,3.68,16.1
lone_sheep,15,19.08,100.0,3.48,15.6
lone_sheep,15,18.8,100.0,4.59,14.21
lone_sheep,15,19.0,100.0,4.81,14.2
lone_sheep,15,18.9,100.0,4.19,14.71
lone_sheep,15,17.88,100.0,4.08,13.8
lone_sheep,15,18.37,100.0,4.38,13.99
lone_sheep,15,18.27,100.0,4.28,13.99
lone_sheep,20,20.88,100.0,5.88,14.99
lone_sheep,20,21.87,100.0,4.58,17.29
lone_sheep,20,21.6,100.0,3.59,18.01
lone_sheep,20,18.98,100.0,3.48,15.5
lone_sheep,20,30.8,100.0,2.8,28.0
lone_sheep,20,17.38,100.0,4.18,13.2
lone_sheep,20,17.88,100.0,4.48,13.4
lone_sheep,20,18.49,100.0,4.99,13.5
lone_sheep,20,18.89,100.0,4.49,14.4
lone_sheep,20,20.08,100.0,3.18,16.9
lone_sheep,20,18.4,100.0,4.29,14.11
lone_sheep,20,18.21,100.0,4.41,13.8
lone_sheep,20,18.5,100.0,4.2,14.3
lone_sheep,20,18.17,100.0,3.98,14.19
lone_sheep,20,21.77,100.0,4.28,17.49
lone_sheep,20,20.1,100.0,4.29,15.81
lone_sheep,20,43.33,100.0,9.93,33.4
lone_sheep,20,22.08,100.0,3.98,18.1
lone_sheep,20,17.4,100.0,4.0,13.41
lone_sheep,20,18.3,100.0,4.5,13.8
lone_sheep,20,18.5,100.0,4.5,14.04
lone_sheep,20,18.18,100.0,4.08,14.1
lone_sheep,20,17.98,100.0,4.08,13.9
lone_sheep,20,18.8,100.0,3.49,15.31
lone_sheep,20,18.28,100.0,4.28,14.0
lone_sheep,20,19.88,100.0,3.28,16.6
lone_sheep,20,20.5,100.0,3.09,17.41
lone_sheep,20,17.7,100.0,4.71,12.99
lone_sheep,20,16.98,100.0,3.98,13.0
lone_sheep,20,20.88,100.0,3.28,17.6
lone_sheep,20,17.8,100.0,3.6,14.21
lone_sheep,20,18.18,100.0,4.38,13.8
lone_sheep,20,30.6,100.0,5.4,25.2
lone_sheep,20,17.58,100.0,4.38,13.2
lone_sheep,20,18.5,100.0,3.79,14.71
lone_sheep,20,18.59,100.0,3.98,14.6
lone_sheep,20,17.7,100.0,4.29,13.41
lone_sheep,20,18.57,100.0,4.28,14.3
lone_sheep,20,20.6,100.0,4.09,16.51
lone_sheep,20,18.78,100.0,4.48,14.3
lone_sheep,20,17.79,100.0,4.18,13.64
lone_sheep,20,18.4,100.0,4.2,14.2
lone_sheep,20,19.12,100.0,4.82,14.3
lone_sheep,20,18.88,100.0,4.48,14.4
lone_sheep,20,20.0,100.0,3.39,16.61
lone_sheep,20,20.79,100.0,3.99,16.8
lone_sheep,20,18.0,100.0,4.59,13.41
lone_sheep,20,18.18,100.0,5.08,13.1
lone_sheep,20,18.3,100.0,3.9,14.41
lone_sheep,20,18.78,100.0,3.28,15.5
lone_sheep,20,18.48,100.0,4.28,14.2
lone_sheep,20,20.88,100.0,3.78,17.1
lone_sheep,20,22.38,100.0,3.38,19.0
lone_sheep,20,29.58,100.0,7.98,21.6
lone_sheep,20,19.18,100.0,4.18,15.0
lone_sheep,20,22.29,100.0,4.69,17.6
lone_sheep,20,20.0,100.0,3.99,16.01
lone_sheep,20,17.7,100.0,3.9,13.8
lone_sheep,20,18.6,100.0,4.6,14.0
lone_sheep,20,19.79,100.0,4.89,14.9
lone_sheep,20,18.1,100.0,4.1,14.04
lone_sheep,20,23.5,100.0,5.2,18.3
lone_sheep,20,19.08,100.0,5.08,14.0
lone_sheep,20,23.29,100.0,4.49,18.8
lone_sheep,20,21.6,100.0,3.8,17.8
lone_sheep,20,17.4,100.0,3.9,13.5
lone_sheep,20,17.7,100.0,4.3,13.4
lone_sheep,20,18.28,100.0,4.58,13.7
lone_sheep,20,18.49,100.0,4.69,13.8
lone_sheep,20,29.27,100.0,8.47,20.8
lone_sheep,20,17.59,100.0,4.49,13.1
lone_sheep,20,19.0,100.0,4.5,14.51
lone_sheep,20,18.2,100.0,4.5,13.7
lone_sheep,20,19.3,100.0,4.39,14.91
lone_sheep,20,32.88,100.0,3.68,29.2
lone_sheep,20,18.1,100.0,4.1,14.0
lone_sheep,20,18.02,100.0,4.12,13.9
lone_sheep,20,19.91,100.0,3.91,16.0
lone_sheep,20,17.68,100.0,4.18,13.5
lone_sheep,20,18.3,100.0,4.4,13.9
lone_sheep,20,18.59,100.0,4.38,14.21
lone_sheep,20,18.6,100.0,4.9,13.7
lone_sheep,20,18.68,100.0,4.38,14.3
lone_sheep,20,26.7,100.0,5.8,20.9
lone_sheep,20,17.8,100.0,4.19,13.61
lone_sheep,20,21.47,100.0,4.47,17.0
lone_sheep,20,18.8,100.0,4.9,13.9
lone_sheep,20,19.8,100.0,5.9,13.9
lone_sheep,20,18.88,100.0,4.79,14.1
lone_sheep,20,20.0,100.0,3.8,16.2
lone_sheep,20,18.37,100.0,4.57,13.8
lone_sheep,20,20.1,100.0,2.99,17.11
lone_sheep,20,18.2,100.0,4.2,14.01
lone_sheep,20,20.78,100.0,2.98,17.8
lone_sheep,20,17.89,100.0,4.29,13.6
lone_sheep,20,18.5,100.0,4.19,14.31
lone_sheep,20,19.4,100.0,3.7,15.7
lone_sheep,20,19.7,100.0,3.89,15.81
lone_sheep,20,18.27,100.0,4.08,14.2
lone_sheep,20,18.29,100.0,4.29,14.0
lone_sheep,25,19.77,100.0,4.18,15.63
lone_sheep,25,18.68,100.0,5.08,13.6
lone_sheep,25,18.49,100.0,4.49,14.0
lone_sheep,25,19.18,100.0,4.89,14.3
lone_sheep,25,17.8,100.0,4.09,13.71
lone_sheep,25,17.97,100.0,4.37,13.6
lone_sheep,25,18.87,100.0,3.77,15.1
lone_sheep,25,18.71,100.0,4.51,14.2
lone_sheep,25,19.69,100.0,3.29,16.4
lone_sheep,25,18.8,100.0,4.8,14.01
lone_sheep,25,22.08,100.0,4.88,17.2
lone_sheep,25,18.3,100.0,4.09,14.21
lone_sheep,25,17.7,100.0,4.0,13.7
lone_sheep,25,35.6,100.0,4.49,31.11
lone_sheep,25,18.68,100.0,4.78,13.9
lone_sheep,25,28.1,100.0,4.69,23.41
lone_sheep,25,29.7,100.0,4.39,25.31
lone_sheep,25,18.4,100.0,4.59,13.81
lone_sheep,25,21.98,100.0,4.58,17.4
lone_sheep,25,18.0,100.0,4.3,13.7
lone_sheep,25,21.98,100.0,3.68,18.33
lone_sheep,25,22.5,100.0,5.3,17.2
lone_sheep,25,19.38,100.0,3.78,15.6
lone_sheep,25,17.88,100.0,4.68,13.2
lone_sheep,25,19.47,100.0,5.38,14.1
lone_sheep,25,19.38,100.0,4.68,14.7
lone_sheep,25,19.8,100.0,3.59,16.21
lone_sheep,25,18.68,100.0,4.38,14.3
lone_sheep,25,21.78,100.0,5.28,16.5
lone_sheep,25,26.3,100.0,5.39,20.91
lone_sheep,25,27.6,100.0,5.29,22.31
lone_sheep,25,17.59,100.0,4.29,13.3
lone_sheep,25,21.1,100.0,4.59,16.51
lone_sheep,25,35.49,100.0,6.79,28.7
lone_sheep,25,18.3,100.0,4.1,14.2
lone_sheep,25,19.3,100.0,5.69,13.61
lone_sheep,25,18.68,100.0,4.18,14.5
lone_sheep,25,41.8,100.0,7.0,34.81
lone_sheep,25,17.88,100.0,4.58,13.3
lone_sheep,25,18.59,100.0,4.59,14.0
lone_sheep,25,26.67,100.0,3.88,22.8
lone_sheep,25,18.79,100.0,4.69,14.1
lone_sheep,25,18.8,100.0,4.4,14.41
lone_sheep,25,27.0,100.0,6.4,20.6
lone_sheep,25,18.5,100.0,4.39,14.11
lone_sheep,25,17.68,100.0,4.28,13.4
lone_sheep,25,21.8,100.0,3.3,18.5
lone_sheep,25,20.98,100.0,4.58,16.4
lone_sheep,25,19.18,100.0,5.28,13.9
lone_sheep,25,21.5,100.0,4.09,17.41
lone_sheep,25,19.4,100.0,4.8,14.61
lone_sheep,25,18.38,100.0,4.28,14.1
lone_sheep,25,18.27,100.0,4.08,14.2
lone_sheep,25,18.54,100.0,4.54,14.0
lone_sheep,25,18.01,100.0,4.31,13.7
lone_sheep,25,19.28,100.0,3.48,15.8
lone_sheep,25,17.88,100.0,4.18,13.7
lone_sheep,25,20.5,100.0,4.5,16.0
lone_sheep,25,21.08,100.0,4.08,17.0
lone_sheep,25,19.0,100.0,3.89,15.11
lone_sheep,25,21.18,100.0,2.88,18.3
lone_sheep,25,18.01,100.0,4.01,14.0
lone_sheep,25,19.47,100.0,4.28,15.2
lone_sheep,25,20.38,100.0,4.28,16.1
lone_sheep,25,17.98,100.0,3.88,14.1
lone_sheep,25,17.8,100.0,4.49,13.31
lone_sheep,25,20.88,100.0,4.68,16.2
lone_sheep,25,17.68,100.0,4.18,13.5
lone_sheep,25,21.3,100.0,4.4,16.9
lone_sheep,25,22.08,100.0,3.88,18.2
lone_sheep,25,19.1,100.0,4.9,14.2
lone_sheep,25,18.2,100.0,4.4,13.8
lone_sheep,25,17.48,100.0,4.48,13.0
lone_sheep,25,18.5,100.0,3.3,15.2
lone_sheep,25,19.19,100.0,4.49,14.7
lone_sheep,25,18.4,100.0,4.59,13.81
lone_sheep,25,17.6,100.0,4.19,13.41
lone_sheep,25,21.78,100.0,3.88,17.9
lone_sheep,25,17.9,100.0,4.39,13.5
lone_sheep,25,21.67,100.0,4.38,17.3
lone_sheep,25,35.08,100.0,5.79,29.29
lone_sheep,25,18.48,100.0,4.58,13.9
lone_sheep,25,20.48,100.0,2.98,17.5
lone_sheep,25,20.98,100.0,3.08,17.9
lone_sheep,25,19.97,100.0,5.38,14.6
lone_sheep,25,55.8,100.0,7.6,48.2
lone_sheep,25,17.8,100.0,4.29,13.51
lone_sheep,25,19.38,100.0,4.49,14.9
lone_sheep,25,17.68,100.0,3.98,13.7
lone_sheep,25,20.3,100.0,3.93,16.38
lone_sheep,25,18.58,100.0,4.88,13.7
lone_sheep,25,18.61,100.0,4.01,14.6
lone_sheep,25,18.7,100.0,4.59,14.11
lone_sheep,25,31.08,100.0,4.78,26.3
lone_sheep,25,19.36,100.0,5.06,14.3
lone_sheep,25,23.9,100.0,6.5,17.41
lone_sheep,25,18.79,100.0,4.68,14.1
lone_sheep,25,21.88,100.0,4.78,17.1
lone_sheep,25,17.97,100.0,4.88,13.1
lone_sheep,25,29.2,100.0,4.1,25.1
lone_sheep,30,18.39,100.0,4.58,13.84
lone_sheep,30,22.1,100.0,7.9,14.2
lone_sheep,30,18.1,100.0,4.79,13.31
lone_sheep,30,19.08,100.0,4.58,14.5
lone_sheep,30,24.08,100.0,5.98,18.1
lone_sheep,30,18.77,100.0,5.07,13.7
lone_sheep,30,25.37,100.0,5.07,20.3
lone_sheep,30,27.08,100.0,6.68,20.4
lone_sheep,30,17.78,100.0,4.28,13.5
lone_sheep,30,20.08,100.0,3.48,16.6
lone_sheep,30,18.9,100.0,4.2,14.71
lone_sheep,30,24.1,100.0,5.81,18.3
lone_sheep,30,22.2,100.0,5.0,17.2
lone_sheep,30,21.98,100.0,4.78,17.2
lone_sheep,30,18.91,100.0,5.41,13.5
lone_sheep,30,18.8,100.0,4.5,14.3
lone_sheep,30,19.27,100.0,5.18,14.1
lone_sheep,30,19.77,100.0,4.38,15.39
lone_sheep,30,18.87,100.0,4.48,14.4
lone_sheep,30,25.21,100.0,3.01,22.2
lone_sheep,30,20.3,100.0,2.8,17.54
lone_sheep,30,19.8,100.0,3.3,16.5
lone_sheep,30,22.2,100.0,7.4,14.8
lone_sheep,30,18.99,100.0,5.08,13.9
lone_sheep,30,25.5,100.0,6.1,19.4
lone_sheep,30,19.11,100.0,4.61,14.5
lone_sheep,30,25.77,100.0,3.37,22.4
lone_sheep,30,27.0,100.0,5.0,22.01
lone_sheep,30,17.88,100.0,4.28,13.6
lone_sheep,30,25.78,100.0,2.68,23.1
lone_sheep,30,23.5,100.0,5.0,18.51
lone_sheep,30,19.08,100.0,2.68,16.4
lone_sheep,30,19.28,100.0,5.48,13.8
lone_sheep,30,25.6,100.0,4.0,21.6
lone_sheep,30,20.47,100.0,2.98,17.5
lone_sheep,30,22.1,100.0,3.99,18.11
lone_sheep,30,19.3,100.0,3.99,15.31
lone_sheep,30,19.58,100.0,4.78,14.8
lone_sheep,30,28.5,100.0,8.5,20.0
lone_sheep,30,18.0,100.0,4.3,13.7
lone_sheep,30,29.07,100.0,3.67,25.4
lone_sheep,30,18.4,100.0,4.49,13.91
lone_sheep,30,24.5,100.0,4.4,20.11
lone_sheep,30,36.0,100.0,7.4,28.6
lone_sheep,30,18.28,100.0,4.48,13.8
lone_sheep,30,19.08,100.0,5.18,13.9
lone_sheep,30,28.27,100.0,3.28,24.99
lone_sheep,30,21.07,100.0,6.08,15.0
lone_sheep,30,51.8,100.0,10.0,41.81
lone_sheep,30,19.08,100.0,4.98,14.1
lone_sheep,30,19.7,100.0,4.29,15.41
lone_sheep,30,19.0,100.0,4.0,15.01
lone_sheep,30,19.0,100.0,5.0,14.0
lone_sheep,30,19.7,100.0,3.29,16.41
lone_sheep,30,18.0,100.0,4.5,13.5
lone_sheep,30,24.1,100.0,5.2,18.9
lone_sheep,30,24.4,100.0,4.29,20.11
lone_sheep,30,29.3,100.0,5.8,23.5
lone_sheep,30,18.38,100.0,4.58,13.8
lone_sheep,30,20.7,100.0,4.99,15.71
lone_sheep,30,18.5,100.0,4.7,13.81
lone_sheep,30,23.98,100.0,4.08,19.9
lone_sheep,30,22.28,100.0,4.08,18.2
lone_sheep,30,19.27,100.0,3.88,15.4
lone_sheep,30,19.41,100.0,4.0,15.4
lone_sheep,30,22.9,100.0,3.29,19.61
lone_sheep,30,22.47,100.0,4.18,18.29
lone_sheep,30,19.8,100.0,4.7,15.1
lone_sheep,30,18.98,100.0,4.78,14.2
lone_sheep,30,19.7,100.0,4.2,15.51
lone_sheep,30,41.7,100.0,3.29,38.41
lone_sheep,30,26.58,100.0,4.58,22.0
lone_sheep,30,22.18,100.0,4.78,17.4
lone_sheep,30,26.98,100.0,3.48,23.5
lone_sheep,30,34.77,100.0,4.48,30.29
lone_sheep,30,19.28,100.0,2.98,16.3
lone_sheep,30,23.47,100.0,5.98,17.5
lone_sheep,30,21.47,100.0,5.58,15.9
lone_sheep,30,19.1,100.0,4.9,14.2
lone_sheep,30,34.1,100.0,9.4,24.71
lone_sheep,30,36.3,100.0,5.08,31.25
lone_sheep,30,22.18,100.0,3.48,18.7
lone_sheep,30,20.68,100.0,2.88,17.8
lone_sheep,30,19.78,100.0,5.88,13.9
lone_sheep,30,18.17,100.0,4.47,13.7
lone_sheep,30,17.8,100.0,4.19,13.61
lone_sheep,30,22.17,100.0,4.77,17.4
lone_sheep,30,26.57,100.0,4.17,22.4
lone_sheep,30,26.88,100.0,8.48,18.4
lone_sheep,30,21.67,100.0,3.97,17.7
lone_sheep,30,18.38,100.0,5.08,13.3
lone_sheep,30,18.3,100.0,4.49,13.81
lone_sheep,30,18.71,100.0,4.61,14.1
lone_sheep,30,19.7,100.0,5.2,14.5
lone_sheep,30,21.4,100.0,6.89,14.51
lone_sheep,30,24.48,100.0,3.98,20.5
lone_sheep,30,18.58,100.0,4.48,14.1
lone_sheep,30,20.81,100.0,3.31,17.5
lone_sheep,30,18.9,100.0,5.1,13.8
lone_sheep,30,27.6,100.0,4.29,23.31
right_angle,10,22.7,100.0,0.2,22.5
right_angle,10,22.27,100.0,0.18,22.09
right_angle,10,22.08,100.0,0.19,21.89
right_angle,10,22.6,100.0,0.2,22.4
right_angle,10,22.68,100.0,0.18,22.5
right_angle,10,22.0,100.0,0.19,21.81
right_angle,10,22.4,100.0,0.21,22.2
right_angle,10,22.38,100.0,0.18,22.2
right_angle,10,22.67,100.0,0.17,22.5
right_angle,10,22.6,100.0,0.19,22.41
right_angle,10,22.48,100.0,0.18,22.3
right_angle,10,22.5,100.0,0.2,22.31
right_angle,10,22.5,100.0,0.2,22.3
right_angle,10,22.66,100.0,0.18,22.49
right_angle,10,22.57,100.0,0.19,22.39
right_angle,10,22.68,100.0,0.18,22.5
right_angle,10,22.41,100.0,0.21,22.2
right_angle,10,22.7,100.0,0.19,22.51
right_angle,10,22.57,100.0,0.17,22.4
right_angle,10,22.6,100.0,0.19,22.41
right_angle,10,22.37,100.0,0.18,22.23
right_angle,10,22.68,100.0,0.18,22.5
right_angle,10,22.61,100.0,0.2,22.4
right_angle,10,22.7,100.0,0.19,22.51
right_angle,10,22.48,100.0,0.19,22.3
right_angle,10,22.67,100.0,0.27,22.4
right_angle,10,22.69,100.0,0.19,22.5
right_angle,10,22.27,100.0,0.18,22.09
right_angle,10,22.49,100.0,0.19,22.3
right_angle,10,22.46,100.0,0.18,22.29
right_angle,10,22.4,100.0,0.19,22.21
right_angle,10,22.6,100.0,0.2,22.41
right_angle,10,22.39,100.0,0.19,22.2
right_angle,10,22.48,100.0,0.18,22.3
right_angle,10,22.48,100.0,0.18,22.3
right_angle,10,22.7,100.0,0.19,22.51
right_angle,10,22.47,100.0,0.18,22.29
right_angle,10,22.47,100.0,0.18,22.29
right_angle,10,22.57,100.0,0.18,22.39
right_angle,10,22.8,100.0,0.19,22.61
right_angle,10,22.4,100.0,0.18,22.26
right_angle,10,21.98,100.0,0.18,21.8
right_angle,10,22.47,100.0,0.18,22.3
right_angle,10,22.69,100.0,0.19,22.5
right_angle,10,22.6,100.0,0.2,22.41
right_angle,10,22.38,100.0,0.18,22.2
right_angle,10,22.51,100.0,0.21,22.3
right_angle,10,22.59,100.0,0.19,22.4
right_angle,10,22.48,100.0,0.18,22.3
right_angle,10,22.5,100.0,0.19,22.31
right_angle,10,22.73,100.0,0.23,22.5
right_angle,10,22.58,100.0,0.18,22.4
right_angle,10,22.39,100.0,0.19,22.2
right_angle,10,22.4,100.0,0.19,22.21
right_angle,10,22.68,100.0,0.18,22.5
right_angle,10,22.6,100.0,0.19,22.41
right_angle,10,22.39,100.0,0.19,22.2
right_angle,10,22.38,100.0,0.18,22.2
right_angle,10,22.58,100.0,0.18,22.4
right_angle,10,22.68,100.0,0.18,22.5
right_angle,10,22.48,100.0,0.18,22.33
right_angle,10,22.2,100.0,0.2,22.01
right_angle,10,22.82,100.0,0.23,22.59
right_angle,10,22.6,100.0,0.19,22.41
right_angle,10,22.48,100.0,0.18,22.3
right_angle,10,22.68,100.0,0.18,22.5
right_angle,10,22.38,100.0,0.18,22.2
right_angle,10,22.48,100.0,0.18,22.3
right_angle,10,22.68,100.0,0.18,22.5
right_angle,10,22.48,100.0,0.18,22.3
right_angle,10,22.5,100.0,0.19,22.31
right_angle,10,22.68,100.0,0.18,22.5
right_angle,10,22.28,100.0,0.18,22.1
right_angle,10,22.48,100.0,0.18,22.3
right_angle,10,22.28,100.0,0.18,22.1
right_angle,10,22.38,100.0,0.19,22.2
right_angle,10,22.48,100.0,0.19,22.29
right_angle,10,22.57,100.0,0.19,22.39
right_angle,10,22.68,100.0,0.18,22.5
right_angle,10,22.68,100.0,0.18,22.5
right_angle,10,22.5,100.0,0.19,22.34
right_angle,10,22.48,100.0,0.18,22.3
right_angle,10,22.68,100.0,0.18,22.5
right_angle,10,22.48,100.0,0.18,22.3
right_angle,10,22.48,100.0,0.18,22.3
right_angle,10,22.8,100.0,0.19,22.61
right_angle,10,22.49,100.0,0.19,22.3
right_angle,10,22.28,100.0,0.18,22.1
right_angle,10,22.51,100.0,0.21,22.3
right_angle,10,22.48,100.0,0.18,22.3
right_angle,10,22.58,100.0,0.18,22.4
right_angle,10,22.68,100.0,0.18,22.5
right_angle,10,22.7,100.0,0.19,22.51
right_angle,10,22.89,100.0,0.19,22.7
right_angle,10,22.17,100.0,0.18,21.99
right_angle,10,22.38,100.0,0.17,22.2
right_angle,10,22.48,100.0,0.18,22.3
right_angle,10,22.27,100.0,0.18,22.1
right_angle,10,22.78,100.0,0.18,22.6
right_angle,10,22.67,100.0,0.17,22.5
right_angle,15,22.57,100.0,0.18,22.39
right_angle,15,22.52,100.0,0.21,22.3
right_angle,15,22.38,100.0,0.18,22.2
right_angle,15,22.58,100.0,0.18,22.4
right_angle,15,22.5,100.0,0.19,22.31
right_angle,15,22.46,100.0,0.17,22.3
right_angle,15,22.47,100.0,0.17,22.3
right_angle,15,22.57,100.0,0.17,22.4
right_angle,15,22.58,100.0,0.18,22.4
right_angle,15,22.39,100.0,0.19,22.2
right_angle,15,22.57,100.0,0.18,22.39
right_angle,15,22.5,100.0,0.19,22.31
right_angle,15,22.68,100.0,0.19,22.5
right_angle,15,22.5,100.0,0.19,22.32
right_angle,15,22.4,100.0,0.19,22.21
right_angle,15,22.38,100.0,0.18,22.19
right_angle,15,22.58,100.0,0.19,22.39
right_angle,15,22.67,100.0,0.18,22.49
right_angle,15,22.47,100.0,0.17,22.3
right_angle,15,22.49,100.0,0.19,22.3
right_angle,15,22.6,100.0,0.19,22.41
right_angle,15,22.4,100.0,0.19,22.21
right_angle,15,22.5,100.0,0.2,22.3
right_angle,15,22.49,100.0,0.19,22.3
right_angle,15,22.57,100.0,0.18,22.39
right_angle,15,22.47,100.0,0.19,22.29
right_angle,15,22.57,100.0,0.18,22.39
right_angle,15,22.37,100.0,0.17,22.2
right_angle,15,22.48,100.0,0.18,22.3
right_angle,15,22.3,100.0,0.19,22.11
right_angle,15,22.59,100.0,0.19,22.41
right_angle,15,22.38,100.0,0.18,22.2
right_angle,15,22.6,100.0,0.19,22.41
right_angle,15,22.3,100.0,0.21,22.09
right_angle,15,22.47,100.0,0.18,22.29
right_angle,15,22.27,100.0,0.17,22.1
right_angle,15,22.38,100.0,0.18,22.2
right_angle,15,22.6,100.0,0.2,22.4
right_angle,15,22.28,100.0,0.18,22.1
right_angle,15,22.28,100.0,0.18,22.1
right_angle,15,22.4,100.0,0.19,22.25
right_angle,15,22.47,100.0,0.18,22.29
right_angle,15,22.37,100.0,0.17,22.2
right_angle,15,22.38,100.0,0.18,22.2
right_angle,15,22.3,100.0,0.2,22.11
right_angle,15,22.6,100.0,0.19,22.41
right_angle,15,22.6,100.0,0.19,22.41
right_angle,15,22.58,100.0,0.18,22.4
right_angle,15,22.6,100.0,0.19,22.41
right_angle,15,22.17,100.0,0.18,21.99
right_angle,15,22.57,100.0,0.18,22.39
right_angle,15,22.19,100.0,0.19,22.0
right_angle,15,22.5,100.0,0.19,22.31
right_angle,15,22.58,100.0,0.18,22.4
right_angle,15,22.6,100.0,0.19,22.41
right_angle,15,22.38,100.0,0.18,22.2
right_angle,15,22.27,100.0,0.18,22.1
right_angle,15,22.69,100.0,0.19,22.5
right_angle,15,22.4,100.0,0.19,22.21
right_angle,15,22.38,100.0,0.18,22.2
right_angle,15,22.59,100.0,0.18,22.41
right_angle,15,22.28,100.0,0.18,22.1
right_angle,15,22.39,100.0,0.18,22.2
right_angle,15,22.19,100.0,0.19,22.0
right_angle,15,22.27,100.0,0.18,22.1
right_angle,15,22.18,100.0,0.18,22.0
right_angle,15,22.47,100.0,0.18,22.29
right_angle,15,22.47,100.0,0.18,22.29
right_angle,15,22.47,100.0,0.18,22.29
right_angle,15,22.5,100.0,0.19,22.31
right_angle,15,22.38,100.0,0.18,22.2
right_angle,15,22.38,100.0,0.18,22.2
right_angle,15,22.5,100.0,0.19,22.31
right_angle,15,22.48,100.0,0.18,22.3
right_angle,15,22.48,100.0,0.18,22.3
right_angle,15,22.48,100.0,0.18,22.3
right_angle,15,22.4,100.0,0.19,22.21
right_angle,15,22.49,100.0,0.19,22.3
right_angle,15,22.5,100.0,0.19,22.31
right_angle,15,22.58,100.0,0.18,22.4
right_angle,15,22.49,100.0,0.18,22.35
right_angle,15,22.48,100.0,0.18,22.3
right_angle,15,22.57,100.0,0.18,22.39
right_angle,15,22.57,100.0,0.18,22.39
right_angle,15,22.48,100.0,0.19,22.29
right_angle,15,22.27,100.0,0.18,22.09
right_angle,15,22.5,100.0,0.19,22.31
right_angle,15,22.58,100.0,0.18,22.4
right_angle,15,22.6,100.0,0.19,22.41
right_angle,15,22.58,100.0,0.18,22.4
right_angle,15,22.5,100.0,0.19,22.31
right_angle,15,22.27,100.0,0.18,22.09
right_angle,15,22.58,100.0,0.18,22.4
right_angle,15,22.58,100.0,0.18,22.4
right_angle,15,22.5,100.0,0.19,22.31
right_angle,15,22.28,100.0,0.18,22.1
right_angle,15,22.4,100.0,0.19,22.21
right_angle,15,22.38,100.0,0.19,22.2
right_angle,15,22.57,100.0,0.18,22.39
right_angle,15,22.57,100.0,0.18,22.39
right_angle,20,22.48,100.0,0.19,22.32
right_angle,20,22.48,100.0,0.18,22.3
right_angle,20,22.6,100.0,0.19,22.41
right_angle,20,22.3,100.0,0.19,22.11
right_angle,20,22.4,100.0,0.19,22.21
right_angle,20,22.38,100.0,0.18,22.2
right_angle,20,22.4,100.0,0.19,22.21
right_angle,20,22.48,100.0,0.18,22.3
right_angle,20,22.58,100.0,0.18,22.4
right_angle,20,22.29,100.0,0.19,22.1
right_angle,20,22.5,100.0,0.19,22.31
right_angle,20,22.48,100.0,0.18,22.3
right_angle,20,22.58,100.0,0.18,22.4
right_angle,20,22.38,100.0,0.18,22.2
right_angle,20,22.5,100.0,0.19,22.31
right_angle,20,22.38,100.0,0.18,22.2
right_angle,20,22.19,100.0,0.19,22.0
right_angle,20,22.46,100.0,0.17,22.29
right_angle,20,22.47,100.0,0.18,22.29
right_angle,20,22.48,100.0,0.18,22.3
right_angle,20,22.48,100.0,0.18,22.34
right_angle,20,22.57,100.0,0.17,22.4
right_angle,20,22.48,100.0,0.19,22.3
right_angle,20,22.6,100.0,0.19,22.41
right_angle,20,22.39,100.0,0.19,22.2
right_angle,20,22.49,100.0,0.19,22.3
right_angle,20,22.37,100.0,0.19,22.19
right_angle,20,22.3,100.0,0.19,22.11
right_angle,20,22.59,100.0,0.19,22.4
right_angle,20,22.38,100.0,0.18,22.2
right_angle,20,22.48,100.0,0.18,22.3
right_angle,20,22.47,100.0,0.17,22.3
right_angle,20,22.7,100.0,0.2,22.5
right_angle,20,22.4,100.0,0.19,22.21
right_angle,20,22.59,100.0,0.19,22.4
right_angle,20,22.7,100.0,0.19,22.51
right_angle,20,22.48,100.0,0.18,22.3
right_angle,20,22.5,100.0,0.19,22.31
right_angle,20,22.28,100.0,0.18,22.1
right_angle,20,22.38,100.0,0.19,22.2
right_angle,20,22.58,100.0,0.18,22.39
right_angle,20,22.37,100.0,0.18,22.19
right_angle,20,22.57,100.0,0.18,22.39
right_angle,20,22.57,100.0,0.19,22.39
right_angle,20,22.48,100.0,0.18,22.3
right_angle,20,22.57,100.0,0.18,22.4
right_angle,20,22.58,100.0,0.18,22.39
right_angle,20,22.67,100.0,0.19,22.49
right_angle,20,22.38,100.0,0.18,22.19
right_angle,20,22.57,100.0,0.17,22.4
right_angle,20,22.28,100.0,0.18,22.1
right_angle,20,22.6,100.0,0.19,22.41
right_angle,20,22.6,100.0,0.19,22.41
right_angle,20,22.28,100.0,0.18,22.1
right_angle,20,22.58,100.0,0.18,22.4
right_angle,20,22.5,100.0,0.19,22.31
right_angle,20,22.58,100.0,0.18,22.4
right_angle,20,22.59,100.0,0.19,22.4
right_angle,20,22.4,100.0,0.19,22.21
right_angle,20,22.18,100.0,0.18,22.0
right_angle,20,22.5,100.0,0.19,22.34
right_angle,20,22.59,100.0,0.19,22.4
right_angle,20,22.28,100.0,0.18,22.1
right_angle,20,22.47,100.0,0.17,22.3
right_angle,20,22.48,100.0,0.17,22.3
right_angle,20,22.47,100.0,0.18,22.3
right_angle,20,22.28,100.0,0.18,22.1
right_angle,20,22.5,100.0,0.19,22.31
right_angle,20,22.48,100.0,0.18,22.3
right_angle,20,22.48,100.0,0.18,22.3
right_angle,20,22.5,100.0,0.19,22.31
right_angle,20,22.48,100.0,0.18,22.3
right_angle,20,22.48,100.0,0.18,22.3
right_angle,20,22.17,100.0,0.18,21.99
right_angle,20,22.18,100.0,0.19,21.99
right_angle,20,22.37,100.0,0.18,22.19
right_angle,20,22.48,100.0,0.18,22.3
right_angle,20,22.38,100.0,0.18,22.2
right_angle,20,22.38,100.0,0.18,22.2
right_angle,20,22.58,100.0,0.18,22.4
right_angle,20,22.5,100.0,0.19,22.31
right_angle,20,22.48,100.0,0.18,22.3
right_angle,20,22.28,100.0,0.18,22.1
right_angle,20,22.37,100.0,0.17,22.2
right_angle,20,22.48,100.0,0.18,22.3
right_angle,20,22.48,100.0,0.18,22.3
right_angle,20,22.3,100.0,0.19,22.11
right_angle,20,22.5,100.0,0.19,22.31
right_angle,20,22.28,100.0,0.18,22.1
right_angle,20,22.6,100.0,0.19,22.41
right_angle,20,22.4,100.0,0.19,22.21
right_angle,20,22.38,100.0,0.18,22.2
right_angle,20,22.3,100.0,0.19,22.11
right_angle,20,22.48,100.0,0.18,22.3
right_angle,20,22.48,100.0,0.19,22.28
right_angle,20,22.17,100.0,0.17,22.0
right_angle,20,22.27,100.0,0.17,22.1
right_angle,20,22.47,100.0,0.17,22.3
right_angle,20,22.46,100.0,0.16,22.3
right_angle,20,22.2,100.0,0.19,22.01
right_angle,25,22.67,100.0,0.18,22.49
right_angle,25,22.37,100.0,0.17,22.2
right_angle,25,22.57,100.0,0.17,22.4
right_angle,25,22.58,100.0,0.18,22.4
right_angle,25,22.2,100.0,0.19,22.01
right_angle,25,22.39,100.0,0.18,22.2
right_angle,25,22.47,100.0,0.17,22.3
right_angle,25,22.6,100.0,0.19,22.41
right_angle,25,22.6,100.0,0.18,22.41
right_angle,25,22.49,100.0,0.18,22.3
right_angle,25,22.59,100.0,0.19,22.4
right_angle,25,22.48,100.0,0.18,22.3
right_angle,25,22.68,100.0,0.18,22.5
right_angle,25,22.4,100.0,0.19,22.21
right_angle,25,22.48,100.0,0.18,22.3
right_angle,25,22.68,100.0,0.18,22.5
right_angle,25,22.48,100.0,0.18,22.3
right_angle,25,22.58,100.0,0.18,22.4
right_angle,25,22.5,100.0,0.19,22.31
right_angle,25,22.77,100.0,0.27,22.5
right_angle,25,22.38,100.0,0.18,22.23
right_angle,25,22.48,100.0,0.18,22.3
right_angle,25,22.58,100.0,0.18,22.4
right_angle,25,22.6,100.0,0.19,22.41
right_angle,25,22.68,100.0,0.18,22.5
right_angle,25,22.58,100.0,0.18,22.4
right_angle,25,22.6,100.0,0.19,22.41
right_angle,25,22.59,100.0,0.19,22.4
right_angle,25,22.5,100.0,0.19,22.31
right_angle,25,22.58,100.0,0.18,22.4
right_angle,25,22.48,100.0,0.18,22.3
right_angle,25,22.37,100.0,0.17,22.2
right_angle,25,22.68,100.0,0.18,22.5
right_angle,25,22.48,100.0,0.17,22.3
right_angle,25,22.61,100.0,0.21,22.4
right_angle,25,22.48,100.0,0.18,22.3
right_angle,25,22.48,100.0,0.18,22.3
right_angle,25,22.77,100.0,0.17,22.6
right_angle,25,22.48,100.0,0.18,22.29
right_angle,25,22.37,100.0,0.18,22.19
right_angle,25,22.27,100.0,0.18,22.13
right_angle,25,22.39,100.0,0.19,22.2
right_angle,25,22.48,100.0,0.18,22.3
right_angle,25,22.58,100.0,0.18,22.4
right_angle,25,22.27,100.0,0.17,22.1
right_angle,25,22.6,100.0,0.19,22.41
right_angle,25,22.6,100.0,0.19,22.41
right_angle,25,22.57,100.0,0.17,22.4
right_angle,25,22.48,100.0,0.18,22.3
right_angle,25,22.47,100.0,0.17,22.3
right_angle,25,22.57,100.0,0.17,22.4
right_angle,25,22.56,100.0,0.16,22.4
right_angle,25,22.48,100.0,0.18,22.3
right_angle,25,22.48,100.0,0.18,22.3
right_angle,25,22.57,100.0,0.17,22.4
right_angle,25,22.28,100.0,0.18,22.1
right_angle,25,22.38,100.0,0.18,22.2
right_angle,25,22.48,100.0,0.18,22.3
right_angle,25,22.48,100.0,0.18,22.3
right_angle,25,22.57,100.0,0.17,22.4
right_angle,25,22.58,100.0,0.18,22.4
right_angle,25,22.1,100.0,0.19,21.91
right_angle,25,22.6,100.0,0.19,22.41
right_angle,25,22.38,100.0,0.18,22.2
right_angle,25,22.57,100.0,0.17,22.4
right_angle,25,22.48,100.0,0.18,22.3
right_angle,25,22.37,100.0,0.17,22.2
right_angle,25,22.68,100.0,0.18,22.5
right_angle,25,22.38,100.0,0.18,22.2
right_angle,25,22.38,100.0,0.18,22.2
right_angle,25,22.48,100.0,0.18,22.3
right_angle,25,22.5,100.0,0.2,22.31
right_angle,25,22.67,100.0,0.18,22.49
right_angle,25,22.67,100.0,0.18,22.49
right_angle,25,22.47,100.0,0.19,22.29
right_angle,25,22.4,100.0,0.19,22.21
right_angle,25,22.37,100.0,0.17,22.2
right_angle,25,22.78,100.0,0.18,22.6
right_angle,25,22.37,100.0,0.17,22.2
right_angle,25,22.38,100.0,0.18,22.2
right_angle,25,22.2,100.0,0.19,22.05
right_angle,25,22.27,100.0,0.18,22.09
right_angle,25,22.57,100.0,0.19,22.39
right_angle,25,22.58,100.0,0.18,22.4
right_angle,25,22.48,100.0,0.18,22.3
right_angle,25,22.18,100.0,0.18,22.0
right_angle,25,22.46,100.0,0.16,22.3
right_angle,25,22.5,100.0,0.2,22.3
right_angle,25,22.48,100.0,0.18,22.3
right_angle,25,22.47,100.0,0.17,22.3
right_angle,25,22.61,100.0,0.21,22.4
right_angle,25,22.28,100.0,0.18,22.1
right_angle,25,22.38,100.0,0.18,22.2
right_angle,25,22.5,100.0,0.19,22.31
right_angle,25,22.68,100.0,0.18,22.5
right_angle,25,22.48,100.0,0.18,22.29
right_angle,25,22.4,100.0,0.2,22.2
right_angle,25,22.17,100.0,0.17,22.0
right_angle,25,22.5,100.0,0.19,22.31
right_angle,25,22.6,100.0,0.2,22.41
right_angle,30,23.08,100.0,0.18,22.9
right_angle,30,22.88,100.0,0.18,22.7
right_angle,30,23.1,100.0,0.19,22.91
right_angle,30,23.8,100.0,0.19,23.62
right_angle,30,23.88,100.0,0.18,23.7
right_angle,30,24.17,100.0,0.17,24.0
right_angle,30,23.18,100.0,0.18,23.0
right_angle,30,23.9,100.0,0.19,23.71
right_angle,30,22.58,100.0,0.18,22.4
right_angle,30,22.0,100.0,0.2,21.8
right_angle,30,22.67,100.0,0.17,22.5
right_angle,30,22.98,100.0,0.18,22.8
right_angle,30,23.87,100.0,0.17,23.7
right_angle,30,31.68,100.0,0.18,31.5
right_angle,30,22.98,100.0,0.18,22.8
right_angle,30,23.08,100.0,0.18,22.9
right_angle,30,22.7,100.0,0.19,22.51
right_angle,30,23.1,100.0,0.19,22.91
right_angle,30,22.47,100.0,0.18,22.3
right_angle,30,22.97,100.0,0.18,22.79
right_angle,30,23.38,100.0,0.18,23.2
right_angle,30,22.97,100.0,0.18,22.79
right_angle,30,23.27,100.0,0.17,23.1
right_angle,30,22.5,100.0,0.2,22.3
right_angle,30,22.77,100.0,0.17,22.6
right_angle,30,23.18,100.0,0.18,23.0
right_angle,30,23.0,100.0,0.19,22.81
right_angle,30,22.88,100.0,0.18,22.7
right_angle,30,22.3,100.0,0.19,22.11
right_angle,30,22.39,100.0,0.19,22.2
right_angle,30,22.97,100.0,0.18,22.79
right_angle,30,22.78,100.0,0.18,22.6
right_angle,30,22.6,100.0,0.19,22.41
right_angle,30,22.88,100.0,0.18,22.7
right_angle,30,22.88,100.0,0.18,22.7
right_angle,30,23.2,100.0,0.19,23.01
right_angle,30,22.68,100.0,0.18,22.5
right_angle,30,22.77,100.0,0.17,22.6
right_angle,30,29.3,100.0,0.2,29.1
right_angle,30,22.47,100.0,0.17,22.3
right_angle,30,22.69,100.0,0.18,22.52
right_angle,30,31.7,100.0,0.2,31.5
right_angle,30,23.06,100.0,0.17,22.9
right_angle,30,23.1,100.0,0.2,22.91
right_angle,30,23.18,100.0,0.19,22.99
right_angle,30,23.19,100.0,0.19,23.0
right_angle,30,22.8,100.0,0.2,22.6
right_angle,30,23.47,100.0,0.17,23.3
right_angle,30,23.07,100.0,0.18,22.9
right_angle,30,22.9,100.0,0.2,22.7
right_angle,30,22.59,100.0,0.19,22.4
right_angle,30,29.59,100.0,0.19,29.4
right_angle,30,23.08,100.0,0.18,22.9
right_angle,30,22.7,100.0,0.19,22.51
right_angle,30,22.78,100.0,0.18,22.6
right_angle,30,22.68,100.0,0.18,22.5
right_angle,30,22.6,100.0,0.19,22.41
right_angle,30,26.97,100.0,0.18,26.79
right_angle,30,22.6,100.0,0.19,22.41
right_angle,30,23.28,100.0,0.18,23.1
right_angle,30,22.78,100.0,0.17,22.61
right_angle,30,22.79,100.0,0.19,22.6
right_angle,30,22.58,100.0,0.18,22.4
right_angle,30,23.09,100.0,0.19,22.91
right_angle,30,22.77,100.0,0.17,22.6
right_angle,30,22.7,100.0,0.19,22.51
right_angle,30,22.89,100.0,0.19,22.7
right_angle,30,22.68,100.0,0.18,22.5
right_angle,30,25.48,100.0,0.18,25.3
right_angle,30,22.58,100.0,0.18,22.4
right_angle,30,22.6,100.0,0.19,22.41
right_angle,30,22.88,100.0,0.18,22.7
right_angle,30,22.98,100.0,0.17,22.8
right_angle,30,22.59,100.0,0.2,22.4
right_angle,30,22.86,100.0,0.17,22.7
right_angle,30,22.79,100.0,0.19,22.6
right_angle,30,22.56,100.0,0.17,22.39
right_angle,30,22.77,100.0,0.18,22.59
right_angle,30,28.48,100.0,0.17,28.3
right_angle,30,22.57,100.0,0.17,22.4
right_angle,30,22.98,100.0,0.18,22.8
right_angle,30,22.68,100.0,0.18,22.5
right_angle,30,22.58,100.0,0.18,22.4
right_angle,30,24.27,100.0,0.17,24.1
right_angle,30,22.9,100.0,0.2,22.7
right_angle,30,22.9,100.0,0.19,22.71
right_angle,30,22.57,100.0,0.17,22.4
right_angle,30,23.56,100.0,0.16,23.4
right_angle,30,23.65,100.0,0.26,23.39
right_angle,30,22.5,100.0,0.2,22.3
right_angle,30,22.4,100.0,0.19,22.21
right_angle,30,22.68,100.0,0.18,22.5
right_angle,30,22.7,100.0,0.19,22.51
right_angle,30,22.58,100.0,0.19,22.39
right_angle,30,22.77,100.0,0.18,22.59
right_angle,30,22.87,100.0,0.17,22.7
right_angle,30,22.88,100.0,0.18,22.7
right_angle,30,22.88,100.0,0.18,22.7
right_angle,30,22.9,100.0,0.19,22.71
right_angle,30,22.8,100.0,0.19,22.61
